Actual Time,Run Time,Date Time,Temperature_MS8607,Temperature_DHT22,Humidity_MS8607,Humidity_DHT22,Pressure,Dust_PM10Standard,Dust_PM25Standard,Dust_PM100Standard,Dust_PM10Env,Dust_PM25Env,Dust_PM100Env,Dust_Particles03um,Dust_Particles05um,Dust_Particles10um,Dust_Particles25um,Dust_Particles50um,Dust_Particles100,VolatileOrganicCompounds_eCO2,VolatileOrganicCompounds_TVOC
1643673675.389343,445103.37291431427,2022-01-31 17:01:15.389358,19.83,18.8,-6.0,1.0,669.14251254459,0,0,0,0,0,0,0,0,0,0,0,0,571,28
1643673676.1574218,445104.1409828663,2022-01-31 17:01:16.157435,19.84,18.9,-6.0,1.0,669.1575128811301,0,0,0,0,0,0,0,0,0,0,0,0,576,27
1643673677.2455986,445105.2291715145,2022-01-31 17:01:17.245613,19.83,18.9,-6.0,1.0,669.21751422729,0,0,0,0,0,0,0,0,0,0,0,0,580,18
1643673678.013203,445105.9967696667,2022-01-31 17:01:18.013217,19.84,18.9,-6.0,1.0,669.1575128811301,0,0,0,0,0,0,0,0,0,0,0,0,575,21
1643673678.785413,445106.76897859573,2022-01-31 17:01:18.785426,19.85,18.9,-6.0,1.0,669.17251321767,0,0,0,0,0,0,0,0,0,0,0,0,573,22
1643673679.8750918,445107.8586652279,2022-01-31 17:01:19.875104,19.84,18.9,-6.0,1.0,669.14251254459,0,0,0,0,0,0,0,0,0,0,0,0,588,30
1643673680.6448228,445108.6283829212,2022-01-31 17:01:20.644837,19.84,18.9,-6.0,1.0,669.1575128811301,0,0,0,0,0,0,0,0,0,0,0,0,570,22
1643673681.4586535,445109.4422297478,2022-01-31 17:01:21.458667,19.84,18.9,-6.0,1.0,669.17251321767,0,0,0,0,0,0,0,0,0,0,0,0,577,31
1643673682.4849887,445110.46856212616,2022-01-31 17:01:22.485015,19.83,18.9,-6.0,1.0,669.14251254459,0,0,0,0,0,0,0,0,0,0,0,0,578,24
1643673683.3176324,445111.30120944977,2022-01-31 17:01:23.317646,19.84,18.9,-6.0,1.0,669.14251254459,0,0,0,0,0,0,0,0,0,0,0,0,582,34
1643673684.098292,445112.0818321705,2022-01-31 17:01:24.098311,19.84,18.9,-6.0,1.0,669.17251321767,0,0,0,0,0,0,0,0,0,0,0,0,573,31
1643673685.1728196,445113.15638804436,2022-01-31 17:01:25.172833,19.83,18.9,-6.0,1.0,669.14251254459,0,0,0,0,0,0,0,0,0,0,0,0,581,27
1643673685.9483023,445113.9318611622,2022-01-31 17:01:25.948317,19.84,18.9,-6.0,1.0,669.1575128811301,0,0,0,0,0,0,0,0,0,0,0,0,570,27
1643673686.711667,445114.6952307224,2022-01-31 17:01:26.711680,19.84,18.8,-6.0,1.0,669.17251321767,0,0,0,0,0,0,0,0,0,0,0,0,578,32
1643673687.793653,445115.7772305012,2022-01-31 17:01:27.793666,19.83,18.8,-6.0,1.0,669.14251254459,0,0,0,0,0,0,0,0,0,0,0,0,575,31
1643673688.5618224,445116.5453927517,2022-01-31 17:01:28.561849,19.84,18.8,-6.0,1.0,669.14251254459,0,0,0,0,0,0,0,0,0,0,0,0,583,33
1643673689.4010108,445117.3845834732,2022-01-31 17:01:29.401023,19.83,18.9,-6.0,1.0,669.1575128811301,0,0,0,0,0,0,0,0,0,0,0,0,577,30
1643673690.4202793,445118.4038448334,2022-01-31 17:01:30.420293,19.83,18.9,-6.0,1.0,669.21751422729,0,0,0,0,0,0,0,0,0,0,0,0,567,25
1643673691.2328355,445119.2164106369,2022-01-31 17:01:31.232848,19.84,18.9,-6.0,1.0,669.14251254459,0,0,0,0,0,0,0,0,0,0,0,0,578,31
1643673692.0078292,445119.9913959503,2022-01-31 17:01:32.007844,19.84,18.9,-6.0,1.0,669.17251321767,0,0,0,0,0,0,0,0,0,0,0,0,569,25
1643673693.0348046,445121.0183701515,2022-01-31 17:01:33.034818,19.84,18.9,-6.0,1.0,669.14251254459,0,0,0,0,0,0,0,0,0,0,0,0,567,22
1643673693.8700533,445121.8536300659,2022-01-31 17:01:33.870066,19.84,18.9,-6.0,1.0,669.1575128811301,0,0,0,0,0,0,0,0,0,0,0,0,573,20
1643673694.6366663,445122.6202287674,2022-01-31 17:01:34.636679,19.85,18.9,-6.0,1.0,669.1875135542101,0,0,0,0,0,0,0,0,0,0,0,0,574,23
1643673695.734901,445123.71846818924,2022-01-31 17:01:35.734915,19.83,18.9,-6.0,1.0,669.14251254459,0,0,0,0,0,0,0,0,0,0,0,0,568,14
1643673696.4987261,445124.4822912216,2022-01-31 17:01:36.498739,19.85,18.9,-6.0,1.0,669.1575128811301,0,0,0,0,0,0,0,0,0,0,0,0,573,25
1643673697.3157635,445125.2993400097,2022-01-31 17:01:37.315775,19.84,18.9,-6.0,1.0,669.17251321767,0,0,0,0,0,0,0,0,0,0,0,0,570,20
1643673698.3362806,445126.31984472275,2022-01-31 17:01:38.336296,19.83,18.9,-6.0,1.0,669.1575128811301,0,0,0,0,0,0,0,0,0,0,0,0,570,23
1643673699.1746552,445127.15823054314,2022-01-31 17:01:39.174667,19.84,18.9,-6.0,1.0,669.1575128811301,0,0,0,0,0,0,0,0,0,0,0,0,573,20
1643673699.9366302,445127.92019581795,2022-01-31 17:01:39.936644,19.84,18.9,-6.0,1.0,669.1575128811301,0,0,0,0,0,0,0,0,0,0,0,0,574,18
1643673700.9676728,445128.95123386383,2022-01-31 17:01:40.967689,19.83,18.9,-6.0,1.0,669.14251254459,0,0,0,0,0,0,0,0,0,0,0,0,576,24
1643673701.7997868,445129.7833595276,2022-01-31 17:01:41.799800,19.84,18.9,-6.0,1.0,669.1575128811301,0,0,0,0,0,0,0,0,0,0,0,0,574,25
1643673702.5706108,445130.55418109894,2022-01-31 17:01:42.570624,19.85,18.9,-6.0,1.0,669.11251187151,0,0,0,0,0,0,0,0,0,0,0,0,585,18
1643673703.6464856,445131.63004922867,2022-01-31 17:01:43.646497,19.84,18.9,-6.0,1.0,669.1575128811301,0,0,0,0,0,0,0,0,0,0,0,0,575,29
1643673704.4199708,445132.40354418755,2022-01-31 17:01:44.419984,19.85,18.9,-6.0,1.0,669.0975115349701,0,0,0,0,0,0,0,0,0,0,0,0,574,19
1643673705.259268,445133.24284529686,2022-01-31 17:01:45.259283,19.85,18.9,-6.0,1.0,669.11251187151,0,0,0,0,0,0,0,0,0,0,0,0,579,22
1643673706.2867916,445134.2703626156,2022-01-31 17:01:46.286806,19.85,18.9,-6.0,1.0,669.17251321767,0,0,0,0,0,0,0,0,0,0,0,0,578,21
1643673707.1113083,445135.0948808193,2022-01-31 17:01:47.111324,19.85,18.9,-6.0,1.0,669.17251321767,0,0,0,0,0,0,0,0,0,0,0,0,577,21
1643673707.8847098,445135.86827874184,2022-01-31 17:01:47.884722,19.85,18.9,-6.0,1.0,669.11251187151,0,0,0,0,0,0,0,0,0,0,0,0,575,15
1643673708.9053457,445136.8889119625,2022-01-31 17:01:48.905359,19.85,18.9,-6.0,1.0,669.17251321767,0,0,0,0,0,0,0,0,0,0,0,0,576,21
1643673709.7293832,445137.7129600048,2022-01-31 17:01:49.729396,19.85,18.9,-6.0,1.0,669.17251321767,0,0,0,0,0,0,0,0,0,0,0,0,573,17
1643673710.499807,445138.48337864876,2022-01-31 17:01:50.499822,19.86,18.9,-6.0,1.0,669.1950137224801,0,0,0,0,0,0,0,0,0,0,0,0,582,24
1643673711.5910792,445139.57465553284,2022-01-31 17:01:51.591092,19.85,18.9,-6.0,1.0,669.17251321767,0,0,0,0,0,0,0,0,0,0,0,0,579,21
1643673712.370058,445140.35361003876,2022-01-31 17:01:52.370073,19.86,18.9,-6.0,1.0,669.18001338594,0,0,0,0,0,0,0,0,0,0,0,0,580,22
1643673713.1967306,445141.1803061962,2022-01-31 17:01:53.196744,19.86,18.8,-6.0,1.0,669.12001203978,0,0,0,0,0,0,0,0,0,0,0,0,574,24
1643673714.2235157,445142.2070724964,2022-01-31 17:01:54.223529,19.86,18.8,-6.0,1.0,669.18001338594,0,0,0,0,0,0,0,0,0,0,0,0,585,27
1643673715.0618482,445143.04542279243,2022-01-31 17:01:55.061861,19.87,18.8,-6.0,1.0,669.18001338594,0,0,0,0,0,0,0,0,0,0,0,0,594,32
1643673715.824742,445143.808314085,2022-01-31 17:01:55.824754,19.87,18.9,-6.0,1.0,669.13501237632,0,0,0,0,0,0,0,0,0,0,0,0,576,31
1643673716.8571017,445144.8406701088,2022-01-31 17:01:56.857117,19.87,18.9,-6.0,1.0,669.18001338594,0,0,0,0,0,0,0,0,0,0,0,0,584,25
1643673717.6733124,445145.6568801403,2022-01-31 17:01:57.673324,19.87,18.9,-6.0,1.0,669.18001338594,0,0,0,0,0,0,0,0,0,0,0,0,578,26
1643673718.4435067,445146.4270348549,2022-01-31 17:01:58.443529,19.87,18.9,-6.0,1.0,669.13501237632,0,0,0,0,0,0,0,0,0,0,0,0,580,19
1643673719.5196502,445147.5032303333,2022-01-31 17:01:59.519662,19.86,18.9,-6.0,1.0,669.18001338594,0,0,0,0,0,0,0,0,0,0,0,0,577,23
1643673720.292538,445148.27609682083,2022-01-31 17:02:00.292550,19.87,18.9,-6.0,1.0,669.1950137224801,0,0,0,0,0,0,0,0,0,0,0,0,584,31
1643673721.1276405,445149.1112089157,2022-01-31 17:02:01.127654,19.87,18.9,-6.0,1.0,669.13501237632,0,0,0,0,0,0,0,0,0,0,0,0,580,30
1643673722.1686018,445150.1521756649,2022-01-31 17:02:02.168614,19.87,18.9,-6.0,1.0,669.18001338594,0,0,0,0,0,0,0,0,0,0,0,0,584,27
1643673722.9862607,445150.9698328972,2022-01-31 17:02:02.986273,19.87,18.9,-6.0,1.0,669.1950137224801,0,0,0,0,0,0,0,0,0,0,0,0,580,25
1643673723.7630842,445151.7466406822,2022-01-31 17:02:03.763099,19.87,18.8,-6.0,1.0,669.2100140590201,0,0,0,0,0,0,0,0,0,0,0,0,579,26
1643673724.785092,445152.76865911484,2022-01-31 17:02:04.785104,19.85,18.8,-6.0,1.0,669.17251321767,0,0,0,0,0,0,0,0,0,0,0,0,586,29
1643673725.609785,445153.5933525562,2022-01-31 17:02:05.609798,19.86,18.8,-6.0,1.0,669.18001338594,0,0,0,0,0,0,0,0,0,0,0,0,583,32
1643673726.3760839,445154.35965180397,2022-01-31 17:02:06.376098,19.86,18.9,-6.0,1.0,669.1950137224801,0,0,0,0,0,0,0,0,0,0,0,0,570,25
1643673727.4714782,445155.4550461769,2022-01-31 17:02:07.471492,19.85,18.9,-6.0,1.0,669.17251321767,0,0,0,0,0,0,0,0,0,0,0,0,568,27
1643673728.2354062,445156.2189736366,2022-01-31 17:02:08.235419,19.86,18.9,-6.0,1.0,669.18001338594,0,0,0,0,0,0,0,0,0,0,0,0,573,25
1643673729.063402,445157.0469760895,2022-01-31 17:02:09.063414,19.86,18.9,-6.0,1.0,669.12001203978,0,0,0,0,0,0,0,0,0,0,0,0,576,24
1643673730.084556,445158.06812143326,2022-01-31 17:02:10.084571,19.86,18.9,-6.0,1.0,669.17251321767,0,0,0,0,0,0,0,0,0,0,0,0,580,33
1643673730.922566,445158.9061408043,2022-01-31 17:02:10.922579,19.86,18.9,-6.0,1.0,669.18001338594,0,0,0,0,0,0,0,0,0,0,0,0,576,25
1643673731.7033806,445159.6869482994,2022-01-31 17:02:11.703394,19.87,18.9,-6.0,1.0,669.12001203978,0,0,0,0,0,0,0,0,0,0,0,0,578,31
1643673732.7339706,445160.71753787994,2022-01-31 17:02:12.733984,19.85,18.9,-6.0,1.0,669.17251321767,0,0,0,0,0,0,0,0,0,0,0,0,571,23
1643673733.5556011,445161.5391690731,2022-01-31 17:02:13.555614,19.85,18.9,-6.0,1.0,669.18001338594,0,0,0,0,0,0,0,0,0,0,0,0,576,24
1643673734.327783,445162.31134581566,2022-01-31 17:02:14.327796,19.86,18.9,-6.0,1.0,669.1950137224801,0,0,0,0,0,0,0,0,0,0,0,0,579,28
1643673735.4034572,445163.3870317936,2022-01-31 17:02:15.403471,19.86,18.9,-6.0,1.0,669.18001338594,0,0,0,0,0,0,0,0,0,0,0,0,580,27
1643673736.1730938,445164.1566565037,2022-01-31 17:02:16.173107,19.87,18.9,-6.0,1.0,669.1950137224801,0,0,0,0,0,0,0,0,0,0,0,0,587,30
1643673737.0086818,445164.9922015667,2022-01-31 17:02:17.008696,19.87,18.9,-6.0,1.0,669.1950137224801,0,0,0,0,0,0,0,0,0,0,0,0,577,17
1643673738.0374405,445166.0209848881,2022-01-31 17:02:18.037457,19.86,18.9,-6.0,1.0,669.18001338594,0,0,0,0,0,0,0,0,0,0,0,0,570,28
1643673738.8558903,445166.8394701481,2022-01-31 17:02:18.855902,19.87,18.9,-6.0,1.0,669.1950137224801,0,0,0,0,0,0,0,0,0,0,0,0,572,29
1643673739.630584,445167.614151001,2022-01-31 17:02:19.630598,19.87,18.9,-6.0,1.0,669.2100140590201,0,0,0,0,0,0,0,0,0,0,0,0,580,27
1643673740.6642895,445168.6478636265,2022-01-31 17:02:20.664315,19.87,18.9,-6.0,1.0,669.2700154051801,0,0,0,0,0,0,0,0,0,0,0,0,572,31
1643673741.4894338,445169.472997427,2022-01-31 17:02:21.489447,19.87,18.9,-6.0,1.0,669.2700154051801,0,0,0,0,0,0,0,0,0,0,0,0,576,30
1643673742.2510407,445170.23460769653,2022-01-31 17:02:22.251056,19.87,18.9,-6.0,1.0,669.2100140590201,0,0,0,0,0,0,0,0,0,0,0,0,564,26
1643673743.3529859,445171.33654999733,2022-01-31 17:02:23.352999,19.86,18.9,-6.0,1.0,669.2550150686401,0,0,0,0,0,0,0,0,0,0,0,0,573,26
1643673744.1197026,445172.1032691002,2022-01-31 17:02:24.119715,19.87,18.9,-6.0,1.0,669.1950137224801,0,0,0,0,0,0,0,0,0,0,0,0,574,23
1643673744.9426038,445172.92617845535,2022-01-31 17:02:24.942616,19.87,18.9,-6.0,1.0,669.2100140590201,0,0,0,0,0,0,0,0,0,0,0,0,585,29
1643673745.9691253,445173.95268917084,2022-01-31 17:02:25.969138,19.87,18.9,-6.0,1.0,669.2700154051801,0,0,0,0,0,0,0,0,0,0,0,0,579,25
1643673746.760385,445174.74394249916,2022-01-31 17:02:26.760398,19.87,18.9,-6.0,1.0,669.2100140590201,0,0,0,0,0,0,0,0,0,0,0,0,580,25
1643673747.5796478,445175.56322288513,2022-01-31 17:02:27.579661,19.87,18.9,-6.0,1.0,669.21751422729,0,0,0,0,0,0,0,0,0,0,0,0,570,33
1643673748.6101236,445176.5936906338,2022-01-31 17:02:28.610137,19.87,18.9,-6.0,1.0,669.1950137224801,0,0,0,0,0,0,0,0,0,0,0,0,574,27
1643673749.4360592,445177.4196021557,2022-01-31 17:02:29.436074,19.87,18.9,-6.0,1.0,669.2700154051801,0,0,0,0,0,0,0,0,0,0,0,0,578,28
1643673750.20848,445178.1920411587,2022-01-31 17:02:30.208495,19.87,18.9,-6.0,1.0,669.2100140590201,0,0,0,0,0,0,0,0,0,0,0,0,576,28
1643673751.277743,445179.2613182068,2022-01-31 17:02:31.277757,19.86,18.9,-6.0,1.0,669.2550150686401,0,0,0,0,0,0,0,0,0,0,0,0,575,32
1643673752.0465891,445180.0301542282,2022-01-31 17:02:32.046603,19.87,18.9,-6.0,1.0,669.2100140590201,0,0,0,0,0,0,0,0,0,0,0,0,580,24
1643673752.8931057,445180.8766710758,2022-01-31 17:02:32.893119,19.87,18.9,-6.0,1.0,669.2100140590201,0,0,0,0,0,0,0,0,0,0,0,0,572,27
1643673753.9189517,445181.90251874924,2022-01-31 17:02:33.918965,19.87,18.9,-6.0,1.0,669.2700154051801,0,0,0,0,0,0,0,0,0,0,0,0,569,23
1643673754.6862524,445182.66981959343,2022-01-31 17:02:34.686267,19.87,18.9,-6.0,1.0,669.2100140590201,0,0,0,0,0,0,0,0,0,0,0,0,576,23
1643673755.5127227,445183.49629473686,2022-01-31 17:02:35.512735,19.87,18.8,-6.0,1.0,669.2100140590201,0,0,0,0,0,0,0,0,0,0,0,0,569,27
1643673756.5348608,445184.5184266567,2022-01-31 17:02:36.534875,19.87,18.8,-6.0,1.0,669.2700154051801,0,0,0,0,0,0,0,0,0,0,0,0,571,23
1643673757.3605545,445185.344124794,2022-01-31 17:02:37.360569,19.87,18.8,-6.0,1.0,669.2700154051801,0,0,0,0,0,0,0,0,0,0,0,0,575,25
1643673758.1277392,445186.11131191254,2022-01-31 17:02:38.127765,19.87,18.8,-6.0,1.0,669.2100140590201,0,0,0,0,0,0,0,0,0,0,0,0,574,21
1643673759.231178,445187.21474289894,2022-01-31 17:02:39.231192,19.87,18.8,-6.0,1.0,669.2700154051801,0,0,0,0,0,0,0,0,0,0,0,0,571,25
1643673759.9954023,445187.97896814346,2022-01-31 17:02:39.995416,19.87,18.8,-6.0,1.0,669.28501574172,0,0,0,0,0,0,0,0,0,0,0,0,569,25
1643673760.7603388,445188.74389982224,2022-01-31 17:02:40.760351,19.87,18.8,-6.0,1.0,669.21751422729,0,0,0,0,0,0,0,0,0,0,0,0,574,24
1643673761.8409634,445189.82453632355,2022-01-31 17:02:41.840976,19.87,18.8,-6.0,1.0,669.2700154051801,0,0,0,0,0,0,0,0,0,0,0,0,568,20
1643673762.6306558,445190.61422133446,2022-01-31 17:02:42.630669,19.87,18.8,-6.0,1.0,669.28501574172,0,0,0,0,0,0,0,0,0,0,0,0,565,27
1643673763.4513578,445191.4349308014,2022-01-31 17:02:43.451371,19.87,18.9,-6.0,1.0,669.21751422729,0,0,0,0,0,0,0,0,0,0,0,0,567,25
1643673764.4827666,445192.46634173393,2022-01-31 17:02:44.482791,19.87,18.9,-6.0,1.0,669.28501574172,0,0,0,0,0,0,0,0,0,0,0,0,572,26
1643673765.3069177,445193.29009485245,2022-01-31 17:02:45.306952,19.87,18.9,-6.0,1.0,669.2700154051801,0,0,0,0,0,0,0,0,0,0,0,0,576,24
1643673766.0766196,445194.0601859093,2022-01-31 17:02:46.076633,19.87,18.9,-6.0,1.0,669.21751422729,0,0,0,0,0,0,0,0,0,0,0,0,571,27
1643673767.1526942,445195.13627147675,2022-01-31 17:02:47.152706,19.87,18.9,-6.0,1.0,669.2700154051801,0,0,0,0,0,0,0,0,0,0,0,0,576,25
1643673767.933579,445195.91714572906,2022-01-31 17:02:47.933592,19.87,18.9,-6.0,1.0,669.2700154051801,0,0,0,0,0,0,0,0,0,0,0,0,575,30
1643673768.714403,445196.6979691982,2022-01-31 17:02:48.714417,19.87,18.9,-6.0,1.0,669.2100140590201,0,0,0,0,0,0,0,0,0,0,0,0,576,25
1643673769.791973,445197.77554678917,2022-01-31 17:02:49.791986,19.87,18.9,-6.0,1.0,669.2700154051801,0,0,0,0,0,0,0,0,0,0,0,0,581,30
1643673770.5588765,445198.54244947433,2022-01-31 17:02:50.558903,19.87,18.9,-6.0,1.0,669.28501574172,0,0,0,0,0,0,0,0,0,0,0,0,574,23
1643673771.3859587,445199.3695371151,2022-01-31 17:02:51.385971,19.87,18.9,-6.0,1.0,669.21751422729,0,0,0,0,0,0,0,0,0,0,0,0,567,22
1643673772.4192019,445200.40277314186,2022-01-31 17:02:52.419215,19.87,18.9,-6.0,1.0,669.2700154051801,0,0,0,0,0,0,0,0,0,0,0,0,574,33
1643673773.2472832,445201.23084640503,2022-01-31 17:02:53.247297,19.87,18.9,-6.0,1.0,669.2700154051801,0,0,0,0,0,0,0,0,0,0,0,0,574,35
1643673774.0168324,445202.00040745735,2022-01-31 17:02:54.016844,19.87,18.8,-6.0,1.0,669.2100140590201,0,0,0,0,0,0,0,0,0,0,0,0,568,20
1643673775.111937,445203.09550333023,2022-01-31 17:02:55.111953,19.87,18.8,-6.0,1.0,669.2700154051801,0,0,0,0,0,0,0,0,0,0,0,0,572,30
1643673775.876626,445203.8601806164,2022-01-31 17:02:55.876640,19.87,18.8,-6.0,1.0,669.2700154051801,0,0,0,0,0,0,0,0,0,0,0,0,582,28
1643673776.6593006,445204.642870903,2022-01-31 17:02:56.659314,19.87,18.9,-6.0,1.0,669.29251590999,0,0,0,0,0,0,0,0,0,0,0,0,571,25
1643673777.741417,445205.72497820854,2022-01-31 17:02:57.741433,19.87,18.9,-6.0,1.0,669.3450170878801,0,0,0,0,0,0,0,0,0,0,0,0,577,21
1643673778.525841,445206.5094072819,2022-01-31 17:02:58.525856,19.87,18.9,-6.0,1.0,669.28501574172,0,0,0,0,0,0,0,0,0,0,0,0,567,24
1643673779.3397808,445207.32335209846,2022-01-31 17:02:59.339794,19.87,18.9,-6.0,1.0,669.28501574172,0,0,0,0,0,0,0,0,0,0,0,0,575,23
1643673780.3641572,445208.3477244377,2022-01-31 17:03:00.364172,19.87,18.9,-6.0,1.0,669.3450170878801,0,0,0,0,0,0,0,0,0,0,0,0,580,21
1643673781.1826975,445209.16626787186,2022-01-31 17:03:01.182711,19.87,18.9,-6.0,1.0,669.2700154051801,0,0,0,0,0,0,0,0,0,0,0,0,576,25
1643673781.9471197,445209.9306704998,2022-01-31 17:03:01.947134,19.87,18.9,-6.0,1.0,669.29251590999,0,0,0,0,0,0,0,0,0,0,0,0,568,26
1643673782.977778,445210.9613516331,2022-01-31 17:03:02.977792,19.87,18.9,-6.0,1.0,669.2700154051801,0,0,0,0,0,0,0,0,0,0,0,0,555,19
1643673783.798563,445211.7821214199,2022-01-31 17:03:03.798578,19.87,18.9,-6.0,1.0,669.28501574172,0,0,0,0,0,0,0,0,0,0,0,0,566,28
1643673784.5890312,445212.572599411,2022-01-31 17:03:04.589045,19.87,18.9,-6.0,1.0,669.21751422729,0,0,0,0,0,0,0,0,0,0,0,0,565,21
1643673785.6618314,445213.64539289474,2022-01-31 17:03:05.661846,19.87,18.9,-6.0,1.0,669.2700154051801,0,0,0,0,0,0,0,0,0,0,0,0,569,25
1643673786.4458876,445214.429456234,2022-01-31 17:03:06.445902,19.87,18.9,-6.0,1.0,669.2100140590201,0,0,0,0,0,0,0,0,0,0,0,0,574,24
1643673787.2675393,445215.25111460686,2022-01-31 17:03:07.267552,19.87,18.9,-6.0,1.0,669.21751422729,0,0,0,0,0,0,0,0,0,0,0,0,578,25
1643673788.3007858,445216.28436279297,2022-01-31 17:03:08.300798,19.87,18.9,-6.0,1.0,669.2700154051801,0,0,0,0,0,0,0,0,0,0,0,0,572,25
1643673789.1193843,445217.10295295715,2022-01-31 17:03:09.119398,19.87,18.9,-6.0,1.0,669.28501574172,0,0,0,0,0,0,0,0,0,0,0,0,570,21
1643673789.8920348,445217.8755991459,2022-01-31 17:03:09.892049,19.87,18.9,-6.0,1.0,669.30751624653,0,0,0,0,0,0,0,0,0,0,0,0,569,26
1643673790.935042,445218.91860866547,2022-01-31 17:03:10.935056,19.87,18.9,-6.0,1.0,669.28501574172,0,0,0,0,0,0,0,0,0,0,0,0,566,21
1643673791.7571456,445219.7407193184,2022-01-31 17:03:11.757158,19.88,18.9,-6.0,1.0,669.29251590999,0,0,0,0,0,0,0,0,0,0,0,0,570,23
1643673792.5225284,445220.5060956478,2022-01-31 17:03:12.522542,19.88,18.9,-6.0,1.0,669.30751624653,0,0,0,0,0,0,0,0,0,0,0,0,570,25
1643673793.6074245,445221.59099555016,2022-01-31 17:03:13.607436,19.88,18.9,-6.0,1.0,669.3675175926901,0,0,0,0,0,0,0,0,0,0,0,0,571,23
1643673794.3843362,445222.3679089546,2022-01-31 17:03:14.384364,19.88,18.9,-6.0,1.0,669.29251590999,0,0,0,0,0,0,0,0,0,0,0,0,567,23
1643673795.211096,445223.19466900826,2022-01-31 17:03:15.211108,19.88,18.9,-6.0,1.0,669.30751624653,0,0,0,0,0,0,0,0,0,0,0,0,565,23
1643673796.2291543,445224.21271920204,2022-01-31 17:03:16.229167,19.87,18.9,-6.0,1.0,669.3675175926901,0,0,0,0,0,0,0,0,0,0,0,0,570,22
1643673797.0574512,445225.04101729393,2022-01-31 17:03:17.057463,19.88,18.9,-6.0,1.0,669.3675175926901,0,0,0,0,0,0,0,0,0,0,0,0,573,19
1643673797.820991,445225.80456376076,2022-01-31 17:03:17.821005,19.88,18.9,-6.0,1.0,669.30751624653,0,0,0,0,0,0,0,0,0,0,0,0,566,25
1643673798.8531377,445226.8367023468,2022-01-31 17:03:18.853151,19.87,18.9,-6.0,1.0,669.3600174244201,0,0,0,0,0,0,0,0,0,0,0,0,565,22
1643673799.67035,445227.653911829,2022-01-31 17:03:19.670364,19.88,18.9,-6.0,1.0,669.29251590999,0,0,0,0,0,0,0,0,0,0,0,0,564,21
1643673800.4583697,445228.4419412613,2022-01-31 17:03:20.458394,19.89,18.9,-6.0,1.0,669.3225165830701,0,0,0,0,0,0,0,0,0,0,0,0,571,24
1643673801.5331926,445229.5167658329,2022-01-31 17:03:21.533207,19.88,18.9,-6.0,1.0,669.3825179292301,0,0,0,0,0,0,0,0,0,0,0,0,571,30
1643673802.3013492,445230.28491687775,2022-01-31 17:03:22.301364,19.89,18.9,-6.0,1.0,669.30751624653,0,0,0,0,0,0,0,0,0,0,0,0,570,22
1643673803.1218307,445231.1054017544,2022-01-31 17:03:23.121844,19.9,18.9,-6.0,1.0,669.33001675134,0,0,0,0,0,0,0,0,0,0,0,0,572,23
1643673804.1476455,445232.1312158108,2022-01-31 17:03:24.147658,19.89,18.9,-6.0,1.0,669.3225165830701,0,0,0,0,0,0,0,0,0,0,0,0,568,24
1643673804.9783869,445232.96194410324,2022-01-31 17:03:24.978402,19.9,18.9,-6.0,1.0,669.30751624653,0,0,0,0,0,0,0,0,0,0,0,0,571,26
1643673805.7471228,445233.7306854725,2022-01-31 17:03:25.747138,19.91,19.0,-6.0,1.0,669.2550150686401,0,0,0,0,0,0,0,0,0,0,0,0,576,24
1643673806.788838,445234.7723994255,2022-01-31 17:03:26.788851,19.9,19.0,-6.0,1.0,669.3225165830701,0,0,0,0,0,0,0,0,0,0,0,0,569,18
1643673807.6100917,445235.59366202354,2022-01-31 17:03:27.610105,19.9,19.0,-6.0,1.0,669.3225165830701,0,0,0,0,0,0,0,0,0,0,0,0,570,20
1643673808.375024,445236.3585984707,2022-01-31 17:03:28.375038,19.91,18.9,-6.0,1.0,669.2700154051801,0,0,0,0,0,0,0,0,0,0,0,0,567,15
1643673809.460195,445237.44375634193,2022-01-31 17:03:29.460210,19.9,18.9,-6.0,1.0,669.30751624653,0,0,0,0,0,0,0,0,0,0,0,0,570,19
1643673810.2235353,445238.207105875,2022-01-31 17:03:30.223548,19.91,18.9,-6.0,1.0,669.3225165830701,0,0,0,0,0,0,0,0,0,0,0,0,574,20
1643673811.0509255,445239.03450107574,2022-01-31 17:03:31.050939,19.91,19.0,-6.0,1.0,669.33001675134,0,0,0,0,0,0,0,0,0,0,0,0,570,26
1643673812.075662,445240.05923461914,2022-01-31 17:03:32.075689,19.9,19.0,-6.0,1.0,669.3225165830701,0,0,0,0,0,0,0,0,0,0,0,0,580,25
1643673812.9176655,445240.90124082565,2022-01-31 17:03:32.917679,19.9,19.0,-6.0,1.0,669.3225165830701,0,0,0,0,0,0,0,0,0,0,0,0,574,23
1643673813.6811037,445241.6646709442,2022-01-31 17:03:33.681116,19.91,18.9,-6.0,1.0,669.2700154051801,0,0,0,0,0,0,0,0,0,0,0,0,574,21
1643673814.7229297,445242.7064974308,2022-01-31 17:03:34.722944,19.91,18.9,-6.0,1.0,669.33001675134,0,0,0,0,0,0,0,0,0,0,0,0,576,24
1643673815.5419881,445243.5255661011,2022-01-31 17:03:35.542002,19.92,18.9,-6.0,1.0,669.3450170878801,0,0,0,0,0,0,0,0,0,0,0,0,568,26
1643673816.32516,445244.308729887,2022-01-31 17:03:36.325173,19.92,18.9,-6.0,1.0,669.28501574172,0,0,0,0,0,0,0,0,0,0,0,0,564,26
1643673817.4030855,445245.3866558075,2022-01-31 17:03:37.403098,19.91,18.9,-6.0,1.0,669.33001675134,0,0,0,0,0,0,0,0,0,0,0,0,573,27
1643673818.1753826,445246.1589477062,2022-01-31 17:03:38.175398,19.91,18.9,-6.0,1.0,669.33001675134,0,0,0,0,0,0,0,0,0,0,0,0,571,24
1643673818.995278,445246.9788506031,2022-01-31 17:03:38.995292,19.91,18.9,-6.0,1.0,669.2550150686401,0,0,0,0,0,0,0,0,0,0,0,0,572,27
1643673820.022506,445248.0060708523,2022-01-31 17:03:40.022521,19.91,18.9,-6.0,1.0,669.33001675134,0,0,0,0,0,0,0,0,0,0,0,0,575,31
1643673820.8387554,445248.82233023643,2022-01-31 17:03:40.838768,19.91,18.9,-6.0,1.0,669.33001675134,0,0,0,0,0,0,0,0,0,0,0,0,574,32
1643673821.6138437,445249.5974109173,2022-01-31 17:03:41.613858,19.92,19.0,-6.0,1.0,669.3600174244201,0,0,0,0,0,0,0,0,0,0,0,0,563,22
1643673822.6536815,445250.63724923134,2022-01-31 17:03:42.653695,19.91,19.0,-6.0,1.0,669.3225165830701,0,0,0,0,0,0,0,0,0,0,0,0,565,27
1643673823.481438,445251.4650092125,2022-01-31 17:03:43.481451,19.9,19.0,-6.0,1.0,669.39751826577,0,0,0,0,0,0,0,0,0,0,0,0,576,15
1643673824.251817,445252.23537683487,2022-01-31 17:03:44.251829,19.91,18.9,-6.0,1.0,669.3450170878801,0,0,0,0,0,0,0,0,0,0,0,0,568,34
1643673825.338241,445253.32181715965,2022-01-31 17:03:45.338254,19.9,18.9,-6.0,1.0,669.39751826577,0,0,0,0,0,0,0,0,0,0,0,0,572,25
1643673826.1013212,445254.08489084244,2022-01-31 17:03:46.101335,19.92,18.9,-6.0,1.0,669.33001675134,0,0,0,0,0,0,0,0,0,0,0,0,570,30
1643673826.9269614,445254.91053295135,2022-01-31 17:03:46.926976,19.92,18.9,-6.0,1.0,669.3600174244201,0,0,0,0,0,0,0,0,0,0,0,0,573,25
1643673827.9520538,445255.9356267452,2022-01-31 17:03:47.952066,19.92,18.9,-6.0,1.0,669.3450170878801,0,0,0,0,0,0,0,0,0,0,0,0,579,26
1643673828.7432618,445256.72683143616,2022-01-31 17:03:48.743275,19.93,18.9,-6.0,1.0,669.3450170878801,0,0,0,0,0,0,0,0,0,0,0,0,575,25
1643673829.5583022,445257.5418744087,2022-01-31 17:03:49.558316,19.92,18.9,-6.0,1.0,669.3600174244201,0,0,0,0,0,0,0,0,0,0,0,0,572,17
1643673830.5883188,445258.57184386253,2022-01-31 17:03:50.588343,19.92,18.9,-6.0,1.0,669.3450170878801,0,0,0,0,0,0,0,0,0,0,0,0,573,21
1643673831.4094903,445259.39306497574,2022-01-31 17:03:51.409503,19.92,18.9,-6.0,1.0,669.3450170878801,0,0,0,0,0,0,0,0,0,0,0,0,569,27
1643673832.2061963,445260.1897687912,2022-01-31 17:03:52.206211,19.92,18.9,-6.0,1.0,669.3600174244201,0,0,0,0,0,0,0,0,0,0,0,0,584,25
1643673833.294508,445261.2780845165,2022-01-31 17:03:53.294521,19.91,18.9,-6.0,1.0,669.39751826577,0,0,0,0,0,0,0,0,0,0,0,0,578,29
1643673834.0630715,445262.04663705826,2022-01-31 17:03:54.063087,19.92,18.9,-6.0,1.0,669.40501843404,0,0,0,0,0,0,0,0,0,0,0,0,579,38
1643673834.884083,445262.8676626682,2022-01-31 17:03:54.884096,19.91,18.9,-6.0,1.0,669.3450170878801,0,0,0,0,0,0,0,0,0,0,0,0,578,26
1643673835.9117248,445263.8952841759,2022-01-31 17:03:55.911739,19.91,18.9,-6.0,1.0,669.40501843404,0,0,0,0,0,0,0,0,0,0,0,0,575,27
1643673836.6908593,445264.6744399071,2022-01-31 17:03:56.690872,19.91,18.9,-6.0,1.0,669.40501843404,0,0,0,0,0,0,0,0,0,0,0,0,568,31
1643673837.5118093,445265.49538469315,2022-01-31 17:03:57.511821,19.91,18.9,-6.0,1.0,669.42001877058,0,0,0,0,0,0,0,0,0,0,0,0,570,29
1643673838.5530329,445266.53660058975,2022-01-31 17:03:58.553046,19.91,18.9,-6.0,1.0,669.40501843404,0,0,0,0,0,0,0,0,0,0,0,0,573,25
1643673839.3778567,445267.361423254,2022-01-31 17:03:59.377872,19.92,18.9,-6.0,1.0,669.42001877058,0,0,0,0,0,0,0,0,0,0,0,0,575,30
1643673840.1431043,445268.1266736984,2022-01-31 17:04:00.143117,19.93,19.0,-6.0,1.0,669.43501910712,0,0,0,0,0,0,0,0,0,0,0,0,572,31
1643673841.2322633,445269.2158148289,2022-01-31 17:04:01.232279,19.92,19.0,-6.0,1.0,669.42001877058,0,0,0,0,0,0,0,0,0,0,0,0,575,29
1643673841.9996655,445269.9832286835,2022-01-31 17:04:01.999678,19.93,19.0,-6.0,1.0,669.43501910712,0,0,0,0,0,0,0,0,0,0,0,0,567,20
1643673842.7865698,445270.7701148987,2022-01-31 17:04:02.786593,19.93,18.9,-6.0,1.0,669.3675175926901,0,0,0,0,0,0,0,0,0,0,0,0,576,25
1643673843.862655,445271.84622597694,2022-01-31 17:04:03.862669,19.92,18.9,-6.0,1.0,669.42001877058,0,0,0,0,0,0,0,0,0,0,0,0,571,22
1643673844.6543655,445272.637932539,2022-01-31 17:04:04.654380,19.92,18.9,-6.0,1.0,669.42001877058,0,0,0,0,0,0,0,0,0,0,0,0,564,27
1643673845.4714494,445273.45502734184,2022-01-31 17:04:05.471461,19.93,18.9,-6.0,1.0,669.3600174244201,0,0,0,0,0,0,0,0,0,0,0,0,567,24
1643673846.5010731,445274.4846432209,2022-01-31 17:04:06.501087,19.93,18.9,-6.0,1.0,669.3450170878801,0,0,0,0,0,0,0,0,0,0,0,0,572,19
1643673847.3174582,445275.30103445053,2022-01-31 17:04:07.317471,19.93,18.9,-6.0,1.0,669.3600174244201,0,0,0,0,0,0,0,0,0,0,0,0,573,14
1643673848.1101465,445276.0937111378,2022-01-31 17:04:08.110160,19.93,19.0,-6.0,1.0,669.3675175926901,0,0,0,0,0,0,0,0,0,0,0,0,579,25
1643673849.1908956,445277.17447066307,2022-01-31 17:04:09.190908,19.92,19.0,-6.0,1.0,669.3450170878801,0,0,0,0,0,0,0,0,0,0,0,0,570,26
1643673849.958316,445277.9418876171,2022-01-31 17:04:09.958329,19.93,19.0,-6.0,1.0,669.3450170878801,0,0,0,0,0,0,0,0,0,0,0,0,572,29
1643673850.7481997,445278.73172569275,2022-01-31 17:04:10.748221,19.92,19.0,-6.0,1.0,669.3600174244201,0,0,0,0,0,0,0,0,0,0,0,0,571,31
1643673851.82397,445279.8075425625,2022-01-31 17:04:11.823985,19.92,19.0,-6.0,1.0,669.3450170878801,0,0,0,0,0,0,0,0,0,0,0,0,576,32
1643673852.5925126,445280.5760779381,2022-01-31 17:04:12.592529,19.93,19.0,-6.0,1.0,669.3600174244201,0,0,0,0,0,0,0,0,0,0,0,0,574,29
1643673853.4187343,445281.40229964256,2022-01-31 17:04:13.418747,19.93,18.9,-6.0,1.0,669.29251590999,0,0,0,0,0,0,0,0,0,0,0,0,575,29
1643673854.4466977,445282.430259943,2022-01-31 17:04:14.446711,19.93,18.9,-6.0,1.0,669.3450170878801,0,0,0,0,0,0,0,0,0,0,0,0,573,22
1643673855.273805,445283.2573800087,2022-01-31 17:04:15.273817,19.93,18.9,-6.0,1.0,669.3600174244201,0,0,0,0,0,0,0,0,0,0,0,0,571,23
1643673856.0339243,445284.0174934864,2022-01-31 17:04:16.033938,19.93,19.0,-6.0,1.0,669.3675175926901,0,0,0,0,0,0,0,0,0,0,0,0,579,28
1643673857.127862,445285.11143016815,2022-01-31 17:04:17.127874,19.92,19.0,-6.0,1.0,669.3450170878801,0,0,0,0,0,0,0,0,0,0,0,0,575,28
1643673857.895968,445285.87953305244,2022-01-31 17:04:17.895981,19.93,19.0,-6.0,1.0,669.3600174244201,0,0,0,0,0,0,0,0,0,0,0,0,585,24
1643673858.6680179,445286.65158081055,2022-01-31 17:04:18.668032,19.93,19.0,-6.0,1.0,669.3600174244201,0,0,0,0,0,0,0,0,0,0,0,0,580,27
1643673859.7477293,445287.7312941551,2022-01-31 17:04:19.747744,19.92,19.0,-6.0,1.0,669.3450170878801,0,0,0,0,0,0,0,0,0,0,0,0,578,28
1643673860.537316,445288.5208866596,2022-01-31 17:04:20.537330,19.93,19.0,-6.0,1.0,669.3600174244201,0,0,0,0,0,0,0,0,0,0,0,0,570,21
1643673861.3574362,445289.34091997147,2022-01-31 17:04:21.357463,19.93,19.0,-6.0,1.0,669.30751624653,0,0,0,0,0,0,0,0,0,0,0,0,576,26
1643673862.3826768,445290.36624741554,2022-01-31 17:04:22.382689,19.93,19.0,-6.0,1.0,669.3600174244201,0,0,0,0,0,0,0,0,0,0,0,0,565,27
1643673863.2047443,445291.1883211136,2022-01-31 17:04:23.204756,19.93,19.0,-6.0,1.0,669.3600174244201,0,0,0,0,0,0,0,0,0,0,0,0,575,26
1643673863.9741678,445291.95773744583,2022-01-31 17:04:23.974183,19.93,19.0,-6.0,1.0,669.3675175926901,0,0,0,0,0,0,0,0,0,0,0,0,568,29
1643673864.997822,445292.98140001297,2022-01-31 17:04:24.997835,19.92,19.0,-6.0,1.0,669.3450170878801,0,0,0,0,0,0,0,0,0,0,0,0,571,31
1643673865.8217971,445293.8053724766,2022-01-31 17:04:25.821811,19.92,19.0,-6.0,1.0,669.3450170878801,0,0,0,0,0,0,0,0,0,0,0,0,570,19
1643673866.6034172,445294.58698511124,2022-01-31 17:04:26.603430,19.92,18.9,-6.0,1.0,669.3600174244201,0,0,0,0,0,0,0,0,0,0,0,0,564,27
1643673867.6800802,445295.6636443138,2022-01-31 17:04:27.680095,19.91,18.9,-6.0,1.0,669.33001675134,0,0,0,0,0,0,0,0,0,0,0,0,563,22
1643673868.4413342,445296.42490649223,2022-01-31 17:04:28.441349,19.93,18.9,-6.0,1.0,669.3600174244201,0,0,0,0,0,0,0,0,0,0,0,0,567,28
1643673869.263825,445297.2474000454,2022-01-31 17:04:29.263838,19.93,19.1,-6.0,1.0,669.3675175926901,0,0,0,0,0,0,0,0,0,0,0,0,570,24
1643673870.284979,445298.2685496807,2022-01-31 17:04:30.284994,19.93,19.1,-6.0,1.0,669.3600174244201,0,0,0,0,0,0,0,0,0,0,0,0,577,25
1643673871.1303277,445299.11389517784,2022-01-31 17:04:31.130341,19.93,19.1,-6.0,1.0,669.3675175926901,0,0,0,0,0,0,0,0,0,0,0,0,575,29
1643673871.8911552,445299.8747229576,2022-01-31 17:04:31.891169,19.94,19.1,-6.0,1.0,669.30751624653,0,0,0,0,0,0,0,0,0,0,0,0,565,28
1643673872.9344323,445300.9180021286,2022-01-31 17:04:32.934444,19.93,19.1,-6.0,1.0,669.44251927539,0,0,0,0,0,0,0,0,0,0,0,0,576,23
1643673873.7507076,445301.7342758179,2022-01-31 17:04:33.750721,19.93,19.1,-6.0,1.0,669.3675175926901,0,0,0,0,0,0,0,0,0,0,0,0,576,29
1643673874.5177634,445302.5013332367,2022-01-31 17:04:34.517776,19.94,18.9,-6.0,1.0,669.3825179292301,0,0,0,0,0,0,0,0,0,0,0,0,560,26
1643673875.5992236,445303.5827958584,2022-01-31 17:04:35.599237,19.93,18.9,-6.0,1.0,669.3675175926901,0,0,0,0,0,0,0,0,0,0,0,0,571,24
1643673876.387262,445304.3708200455,2022-01-31 17:04:36.387276,19.94,18.9,-6.0,1.0,669.30751624653,0,0,0,0,0,0,0,0,0,0,0,0,562,21
1643673877.2076976,445305.1912686825,2022-01-31 17:04:37.207709,19.95,19.0,-6.0,1.0,669.33001675134,0,0,0,0,0,0,0,0,0,0,0,0,576,21
1643673878.2374473,445306.2210133076,2022-01-31 17:04:38.237461,19.95,19.0,-6.0,1.0,669.3825179292301,0,0,0,0,0,0,0,0,0,0,0,0,561,27
1643673879.0601115,445307.04367113113,2022-01-31 17:04:39.060128,19.95,19.0,-6.0,1.0,669.39751826577,0,0,0,0,0,0,0,0,0,0,0,0,580,27
1643673879.8306634,445307.81423163414,2022-01-31 17:04:39.830677,19.96,19.0,-6.0,1.0,669.33001675134,0,0,0,0,0,0,0,0,0,0,0,0,572,27
1643673880.8575482,445308.8411128521,2022-01-31 17:04:40.857562,19.96,19.0,-6.0,1.0,669.3225165830701,0,0,0,0,0,0,0,0,0,0,0,0,565,22
1643673881.68294,445309.6665146351,2022-01-31 17:04:41.682953,19.96,19.0,-6.0,1.0,669.33001675134,0,0,0,0,0,0,0,0,0,0,0,0,573,20
1643673882.473647,445310.457218647,2022-01-31 17:04:42.473671,19.96,19.0,-6.0,1.0,669.3450170878801,0,0,0,0,0,0,0,0,0,0,0,0,565,27
1643673883.552911,445311.53648781776,2022-01-31 17:04:43.552923,19.96,19.0,-6.0,1.0,669.40501843404,0,0,0,0,0,0,0,0,0,0,0,0,576,22
1643673884.3139555,445312.2975282669,2022-01-31 17:04:44.313969,19.97,19.0,-6.0,1.0,669.3450170878801,0,0,0,0,0,0,0,0,0,0,0,0,572,28
1643673885.140704,445313.12428069115,2022-01-31 17:04:45.140716,19.97,19.0,-6.0,1.0,669.3600174244201,0,0,0,0,0,0,0,0,0,0,0,0,576,26
1643673886.161912,445314.1454768181,2022-01-31 17:04:46.161925,19.97,19.0,-6.0,1.0,669.33001675134,0,0,0,0,0,0,0,0,0,0,0,0,568,25
1643673886.9881616,445314.971729517,2022-01-31 17:04:46.988174,19.97,19.0,-6.0,1.0,669.3450170878801,0,0,0,0,0,0,0,0,0,0,0,0,577,30
1643673887.7561564,445315.73972535133,2022-01-31 17:04:47.756171,19.98,19.0,-6.0,1.0,669.28501574172,0,0,0,0,0,0,0,0,0,0,0,0,568,22
1643673888.8072743,445316.7908372879,2022-01-31 17:04:48.807288,19.97,19.0,-6.0,1.0,669.3450170878801,0,0,0,0,0,0,0,0,0,0,0,0,565,28
1643673889.6298716,445317.6134250164,2022-01-31 17:04:49.629889,19.97,19.0,-6.0,1.0,669.3450170878801,0,0,0,0,0,0,0,0,0,0,0,0,578,23
1643673890.4033418,445318.386916399,2022-01-31 17:04:50.403355,19.97,19.0,-6.0,1.0,669.28501574172,0,0,0,0,0,0,0,0,0,0,0,0,575,30
1643673891.4845593,445319.4681313038,2022-01-31 17:04:51.484572,19.96,19.0,-6.0,1.0,669.33001675134,0,0,0,0,0,0,0,0,0,0,0,0,576,25
1643673892.2756746,445320.2592449188,2022-01-31 17:04:52.275688,19.96,19.0,-6.0,1.0,669.33001675134,0,0,0,0,0,0,0,0,0,0,0,0,575,25
1643673893.0973012,445321.0808727741,2022-01-31 17:04:53.097314,19.96,19.0,-6.0,1.0,669.3450170878801,0,0,0,0,0,0,0,0,0,0,0,0,569,21
1643673894.1265504,445322.11009192467,2022-01-31 17:04:54.126564,19.96,19.0,-6.0,1.0,669.3450170878801,0,0,0,0,0,0,0,0,0,0,0,0,574,24
1643673894.9536922,445322.93723630905,2022-01-31 17:04:54.953708,19.97,19.0,-6.0,1.0,669.3450170878801,0,0,0,0,0,0,0,0,0,0,0,0,572,21
1643673895.724844,445323.7084186077,2022-01-31 17:04:55.724857,19.97,19.0,-6.0,1.0,669.3600174244201,0,0,0,0,0,0,0,0,0,0,0,0,578,29
1643673896.7591782,445324.742749691,2022-01-31 17:04:56.759191,19.96,19.0,-6.0,1.0,669.42001877058,0,0,0,0,0,0,0,0,0,0,0,0,573,25
1643673897.5858145,445325.56938409805,2022-01-31 17:04:57.585828,19.97,19.0,-6.0,1.0,669.42001877058,0,0,0,0,0,0,0,0,0,0,0,0,563,21
1643673898.363037,445326.34660339355,2022-01-31 17:04:58.363049,19.97,19.0,-6.0,1.0,669.3600174244201,0,0,0,0,0,0,0,0,0,0,0,0,574,23
1643673899.4499595,445327.43353533745,2022-01-31 17:04:59.449972,19.96,19.0,-6.0,1.0,669.40501843404,0,0,0,0,0,0,0,0,0,0,0,0,574,23
1643673900.2180123,445328.2015891075,2022-01-31 17:05:00.218025,19.97,19.0,-6.0,1.0,669.33001675134,0,0,0,0,0,0,0,0,0,0,0,0,564,21
1643673901.0464382,445329.0300016403,2022-01-31 17:05:01.046453,19.96,19.0,-6.0,1.0,669.3450170878801,0,0,0,0,0,0,0,0,0,0,0,0,577,24
1643673902.0673099,445330.0508778095,2022-01-31 17:05:02.067321,19.96,19.0,-6.0,1.0,669.33001675134,0,0,0,0,0,0,0,0,0,0,0,0,575,24
1643673902.8936028,445330.8771791458,2022-01-31 17:05:02.893617,19.96,19.0,-6.0,1.0,669.42001877058,0,0,0,0,0,0,0,0,0,0,0,0,565,23
1643673903.6619866,445331.64555740356,2022-01-31 17:05:03.662001,19.97,19.0,-6.0,1.0,669.3600174244201,0,0,0,0,0,0,0,0,0,0,0,0,570,22
1643673904.704627,445332.68819594383,2022-01-31 17:05:04.704640,19.97,19.0,-6.0,1.0,669.40501843404,0,0,0,0,0,0,0,0,0,0,0,0,573,21
1643673905.525788,445333.5093667507,2022-01-31 17:05:05.525801,19.96,19.0,-6.0,1.0,669.40501843404,0,0,0,0,0,0,0,0,0,0,0,0,562,25
1643673906.2986877,445334.28226161003,2022-01-31 17:05:06.298712,19.98,19.0,-6.0,1.0,669.43501910712,0,0,0,0,0,0,0,0,0,0,0,0,562,20
1643673907.378683,445335.36224389076,2022-01-31 17:05:07.378699,19.97,19.0,-6.0,1.0,669.42001877058,0,0,0,0,0,0,0,0,0,0,0,0,572,25
1643673908.1501393,445336.133705616,2022-01-31 17:05:08.150154,19.99,19.0,-6.0,1.0,669.42751893885,0,0,0,0,0,0,0,0,0,0,0,0,570,28
1643673908.9837167,445336.96729397774,2022-01-31 17:05:08.983728,19.99,19.0,-6.0,1.0,669.3675175926901,0,0,0,0,0,0,0,0,0,0,0,0,577,27
1643673910.0197566,445338.0033285618,2022-01-31 17:05:10.019770,19.99,19.0,-6.0,1.0,669.42751893885,0,0,0,0,0,0,0,0,0,0,0,0,580,25
1643673910.8491962,445338.8327727318,2022-01-31 17:05:10.849209,19.99,19.0,-6.0,1.0,669.44251927539,0,0,0,0,0,0,0,0,0,0,0,0,567,34
1643673911.6202168,445339.60378575325,2022-01-31 17:05:11.620230,20.0,19.0,-6.0,1.0,669.39751826577,0,0,0,0,0,0,0,0,0,0,0,0,578,28
1643673912.6447706,445340.62832570076,2022-01-31 17:05:12.644784,19.99,19.0,-6.0,1.0,669.44251927539,0,0,0,0,0,0,0,0,0,0,0,0,574,31
1643673913.4735951,445341.45717072487,2022-01-31 17:05:13.473609,19.99,19.0,-6.0,1.0,669.44251927539,0,0,0,0,0,0,0,0,0,0,0,0,578,28
1643673914.2472856,445342.23085451126,2022-01-31 17:05:14.247299,19.99,19.0,-6.0,1.0,669.3825179292301,0,0,0,0,0,0,0,0,0,0,0,0,579,34
1643673915.3333786,445343.3169503212,2022-01-31 17:05:15.333392,19.99,19.0,-6.0,1.0,669.42751893885,0,0,0,0,0,0,0,0,0,0,0,0,573,28
1643673916.0931802,445344.0767483711,2022-01-31 17:05:16.093194,19.99,19.0,-6.0,1.0,669.44251927539,0,0,0,0,0,0,0,0,0,0,0,0,570,27
1643673916.9188871,445344.90245103836,2022-01-31 17:05:16.918902,20.0,19.0,-6.0,1.0,669.39751826577,0,0,0,0,0,0,0,0,0,0,0,0,568,21
1643673917.9520948,445345.93565154076,2022-01-31 17:05:17.952108,19.99,19.0,-6.0,1.0,669.3675175926901,0,0,0,0,0,0,0,0,0,0,0,0,571,32
1643673918.7262816,445346.70985269547,2022-01-31 17:05:18.726294,20.0,19.0,-6.0,1.0,669.45751961193,0,0,0,0,0,0,0,0,0,0,0,0,558,21
1643673919.5469983,445347.5305714607,2022-01-31 17:05:19.547012,20.0,19.0,-6.0,1.0,669.39751826577,0,0,0,0,0,0,0,0,0,0,0,0,569,24
1643673920.5942593,445348.5778262615,2022-01-31 17:05:20.594273,20.0,19.0,-6.0,1.0,669.45751961193,0,0,0,0,0,0,0,0,0,0,0,0,577,25
1643673921.4139843,445349.39755630493,2022-01-31 17:05:21.413999,20.0,19.0,-6.0,1.0,669.45751961193,0,0,0,0,0,0,0,0,0,0,0,0,563,23
1643673922.1874065,445350.1709742546,2022-01-31 17:05:22.187419,20.0,19.0,-6.0,1.0,669.4800201167401,0,0,0,0,0,0,0,0,0,0,0,0,568,24
1643673923.2662315,445351.2497870922,2022-01-31 17:05:23.266247,20.0,19.0,-6.0,1.0,669.5325212946301,0,0,0,0,0,0,0,0,0,0,0,0,567,25
1643673924.0369813,445352.02052283287,2022-01-31 17:05:24.036996,20.0,19.0,-6.0,1.0,669.5400214629001,0,0,0,0,0,0,0,0,0,0,0,0,570,22
1643673924.8568072,445352.84023308754,2022-01-31 17:05:24.856820,20.0,19.0,-6.0,1.0,669.55502179944,0,0,0,0,0,0,0,0,0,0,0,0,580,29
1643673925.8919926,445353.8755645752,2022-01-31 17:05:25.892007,20.0,19.0,-6.0,1.0,669.5400214629001,0,0,0,0,0,0,0,0,0,0,0,0,578,29
1643673926.6702023,445354.6537709236,2022-01-31 17:05:26.670216,20.01,19.0,-6.0,1.0,669.55502179944,0,0,0,0,0,0,0,0,0,0,0,0,569,26
1643673927.499405,445355.48297023773,2022-01-31 17:05:27.499419,20.01,19.0,-6.0,1.0,669.4950204532801,0,0,0,0,0,0,0,0,0,0,0,0,576,26
1643673928.5240066,445356.50757193565,2022-01-31 17:05:28.524020,20.0,19.0,-6.0,1.0,669.4650197802,0,0,0,0,0,0,0,0,0,0,0,0,574,24
1643673929.3512733,445357.3348469734,2022-01-31 17:05:29.351285,20.01,19.0,-6.0,1.0,669.4800201167401,0,0,0,0,0,0,0,0,0,0,0,0,573,36
1643673930.138522,445358.12209677696,2022-01-31 17:05:30.138535,20.01,19.0,-6.0,1.0,669.42001877058,0,0,0,0,0,0,0,0,0,0,0,0,574,31
1643673931.2223382,445359.2058959007,2022-01-31 17:05:31.222352,20.01,19.0,-6.0,1.0,669.40501843404,0,0,0,0,0,0,0,0,0,0,0,0,564,26
1643673931.992488,445359.97605371475,2022-01-31 17:05:31.992501,20.01,19.0,-6.0,1.0,669.40501843404,0,0,0,0,0,0,0,0,0,0,0,0,566,25
1643673932.7699804,445360.7535202503,2022-01-31 17:05:32.769998,20.02,19.0,-6.0,1.0,669.43501910712,0,0,0,0,0,0,0,0,0,0,0,0,575,27
1643673933.8465893,445361.830129385,2022-01-31 17:05:33.846603,20.01,19.0,-6.0,1.0,669.40501843404,0,0,0,0,0,0,0,0,0,0,0,0,567,26
1643673934.6209106,445362.6044769287,2022-01-31 17:05:34.620924,20.02,19.0,-6.0,1.0,669.40501843404,0,0,0,0,0,0,0,0,0,0,0,0,572,26
1643673935.4432745,445363.4268500805,2022-01-31 17:05:35.443437,20.02,19.0,-6.0,1.0,669.42001877058,0,0,0,0,0,0,0,0,0,0,0,0,569,27
1643673936.4943042,445364.47787094116,2022-01-31 17:05:36.494318,20.01,19.0,-6.0,1.0,669.40501843404,0,0,0,0,0,0,0,0,0,0,0,0,566,28
1643673937.3138244,445365.2973971367,2022-01-31 17:05:37.313836,20.02,19.0,-6.0,1.0,669.3450170878801,0,0,0,0,0,0,0,0,0,0,0,0,576,26
1643673938.0869057,445366.07046723366,2022-01-31 17:05:38.086918,20.03,19.0,-6.0,1.0,669.3600174244201,0,0,0,0,0,0,0,0,0,0,0,0,563,28
1643673939.1836321,445367.1672077179,2022-01-31 17:05:39.183645,20.02,19.0,-6.0,1.0,669.40501843404,0,0,0,0,0,0,0,0,0,0,0,0,581,28
1643673939.9528105,445367.936375618,2022-01-31 17:05:39.952823,20.02,19.0,-6.0,1.0,669.42001877058,0,0,0,0,0,0,0,0,0,0,0,0,571,22
1643673940.7200553,445368.70361852646,2022-01-31 17:05:40.720069,20.02,19.0,-6.0,1.0,669.43501910712,0,0,0,0,0,0,0,0,0,0,0,0,570,23
1643673941.8072443,445369.7908241749,2022-01-31 17:05:41.807255,20.02,19.0,-6.0,1.0,669.42001877058,0,0,0,0,0,0,0,0,0,0,0,0,573,24
1643673942.5921936,445370.5757546425,2022-01-31 17:05:42.592206,20.02,19.0,-6.0,1.0,669.42751893885,0,0,0,0,0,0,0,0,0,0,0,0,567,24
1643673943.4177008,445371.4012658596,2022-01-31 17:05:43.417716,20.02,19.0,-6.0,1.0,669.3600174244201,0,0,0,0,0,0,0,0,0,0,0,0,573,28
1643673944.4352226,445372.41879463196,2022-01-31 17:05:44.435236,20.02,19.0,-6.0,1.0,669.42001877058,0,0,0,0,0,0,0,0,0,0,0,0,573,31
1643673945.263474,445373.2470474243,2022-01-31 17:05:45.263486,20.02,19.0,-6.0,1.0,669.42001877058,0,0,0,0,0,0,0,0,0,0,0,0,584,32
1643673946.0275884,445374.011146307,2022-01-31 17:05:46.027603,20.03,19.0,-6.0,1.0,669.44251927539,0,0,0,0,0,0,0,0,0,0,0,0,571,27
1643673947.1090589,445375.09263587,2022-01-31 17:05:47.109072,20.02,19.0,-6.0,1.0,669.42751893885,0,0,0,0,0,0,0,0,0,0,0,0,572,32
1643673947.8776302,445375.86119794846,2022-01-31 17:05:47.877643,20.04,19.0,-6.0,1.0,669.42751893885,0,0,0,0,0,0,0,0,0,0,0,0,581,31
1643673948.665628,445376.64919638634,2022-01-31 17:05:48.665642,20.04,19.0,-6.0,1.0,669.45751961193,0,0,0,0,0,0,0,0,0,0,0,0,578,32
1643673949.739265,445377.7228395939,2022-01-31 17:05:49.739277,20.03,19.0,-6.0,1.0,669.42751893885,0,0,0,0,0,0,0,0,0,0,0,0,568,27
1643673950.5122979,445378.495875597,2022-01-31 17:05:50.512310,20.04,19.0,-6.0,1.0,669.44251927539,0,0,0,0,0,0,0,0,0,0,0,0,574,25
1643673951.3357325,445379.31930327415,2022-01-31 17:05:51.335745,20.04,19.0,-6.0,1.0,669.45751961193,0,0,0,0,0,0,0,0,0,0,0,0,571,26
1643673952.3734918,445380.3570525646,2022-01-31 17:05:52.373507,20.05,19.0,-6.0,1.0,669.44251927539,0,0,0,0,0,0,0,0,0,0,0,0,575,29
1643673953.1960993,445381.1796748638,2022-01-31 17:05:53.196112,20.05,19.0,-6.0,1.0,669.45751961193,0,0,0,0,0,0,0,0,0,0,0,0,567,33
1643673953.9804509,445381.9640171528,2022-01-31 17:05:53.980465,20.06,19.0,-6.0,1.0,669.4800201167401,0,0,0,0,0,0,0,0,0,0,0,0,577,30
1643673955.025729,445383.0092968941,2022-01-31 17:05:55.025743,20.05,19.0,-6.0,1.0,669.45751961193,0,0,0,0,0,0,0,0,0,0,0,0,569,28
1643673955.8496773,445383.8332526684,2022-01-31 17:05:55.849691,20.06,19.0,-6.0,1.0,669.5400214629001,0,0,0,0,0,0,0,0,0,0,0,0,567,27
1643673956.6235542,445384.6071238518,2022-01-31 17:05:56.623567,20.06,19.0,-6.0,1.0,669.4800201167401,0,0,0,0,0,0,0,0,0,0,0,0,586,26
1643673957.7086892,445385.69225764275,2022-01-31 17:05:57.708704,20.05,19.0,-6.0,1.0,669.5400214629001,0,0,0,0,0,0,0,0,0,0,0,0,576,37
1643673958.4947078,445386.4782772064,2022-01-31 17:05:58.494734,20.06,19.0,-6.0,1.0,669.5400214629001,0,0,0,0,0,0,0,0,0,0,0,0,576,32
1643673959.3227806,445387.3061592579,2022-01-31 17:05:59.322796,20.06,19.1,-6.0,1.0,669.4725199484701,0,0,0,0,0,0,0,0,0,0,0,0,565,27
1643673960.3462913,445388.32985424995,2022-01-31 17:06:00.346306,20.05,19.1,-6.0,1.0,669.45751961193,0,0,0,0,0,0,0,0,0,0,0,0,570,29
1643673961.1740527,445389.15761065483,2022-01-31 17:06:01.174067,20.06,19.1,-6.0,1.0,669.4650197802,0,0,0,0,0,0,0,0,0,0,0,0,579,26
1643673961.9382954,445389.92186427116,2022-01-31 17:06:01.938309,20.06,19.1,-6.0,1.0,669.4800201167401,0,0,0,0,0,0,0,0,0,0,0,0,573,25
1643673962.9575899,445390.94116282463,2022-01-31 17:06:02.957603,20.06,19.1,-6.0,1.0,669.5400214629001,0,0,0,0,0,0,0,0,0,0,0,0,570,26
1643673963.7915063,445391.7750725746,2022-01-31 17:06:03.791520,20.06,19.1,-6.0,1.0,669.5400214629001,0,0,0,0,0,0,0,0,0,0,0,0,575,32
1643673964.5797956,445392.5633690357,2022-01-31 17:06:04.579820,20.06,19.0,-6.0,1.0,669.4800201167401,0,0,0,0,0,0,0,0,0,0,0,0,572,28
1643673965.6568453,445393.6404206753,2022-01-31 17:06:05.656857,20.05,19.0,-6.0,1.0,669.5325212946301,0,0,0,0,0,0,0,0,0,0,0,0,573,21
1643673966.4258018,445394.4093670845,2022-01-31 17:06:06.425815,20.05,19.0,-6.0,1.0,669.5325212946301,0,0,0,0,0,0,0,0,0,0,0,0,579,29
1643673967.252663,445395.236235857,2022-01-31 17:06:07.252676,20.05,19.0,-6.0,1.0,669.4800201167401,0,0,0,0,0,0,0,0,0,0,0,0,563,20
1643673968.2750459,445396.25861001015,2022-01-31 17:06:08.275057,20.04,19.0,-6.0,1.0,669.51752095809,0,0,0,0,0,0,0,0,0,0,0,0,574,27
1643673969.100621,445397.0841870308,2022-01-31 17:06:09.100635,20.05,19.0,-6.0,1.0,669.3675175926901,0,0,0,0,0,0,0,0,0,0,0,0,576,30
1643673969.8688908,445397.8524541855,2022-01-31 17:06:09.868904,20.05,19.1,-6.0,1.0,669.39751826577,0,0,0,0,0,0,0,0,0,0,0,0,570,26
1643673970.915025,445398.89858293533,2022-01-31 17:06:10.915039,20.04,19.1,-6.0,1.0,669.3825179292301,0,0,0,0,0,0,0,0,0,0,0,0,564,25
1643673971.73027,445399.71383714676,2022-01-31 17:06:11.730283,20.05,19.1,-6.0,1.0,669.45751961193,0,0,0,0,0,0,0,0,0,0,0,0,566,23
1643673972.5040998,445400.48755812645,2022-01-31 17:06:12.504132,20.06,19.1,-6.0,1.0,669.39751826577,0,0,0,0,0,0,0,0,0,0,0,0,568,22
1643673973.5837448,445401.5673136711,2022-01-31 17:06:13.583760,20.04,19.1,-6.0,1.0,669.44251927539,0,0,0,0,0,0,0,0,0,0,0,0,567,24
1643673974.3694513,445402.3530187607,2022-01-31 17:06:14.369465,20.05,19.1,-6.0,1.0,669.45751961193,0,0,0,0,0,0,0,0,0,0,0,0,574,29
1643673975.1923466,445403.1759028435,2022-01-31 17:06:15.192361,20.05,19.0,-6.0,1.0,669.39751826577,0,0,0,0,0,0,0,0,0,0,0,0,564,24
1643673976.2245655,445404.20813441277,2022-01-31 17:06:16.224590,20.04,19.0,-6.0,1.0,669.44251927539,0,0,0,0,0,0,0,0,0,0,0,0,565,22
1643673977.058863,445405.0424294472,2022-01-31 17:06:17.058878,20.05,19.0,-6.0,1.0,669.3825179292301,0,0,0,0,0,0,0,0,0,0,0,0,568,25
1643673977.8272846,445405.81085157394,2022-01-31 17:06:17.827299,20.06,19.0,-6.0,1.0,669.39751826577,0,0,0,0,0,0,0,0,0,0,0,0,569,22
1643673978.8527143,445406.83627414703,2022-01-31 17:06:18.852726,20.05,19.0,-6.0,1.0,669.3825179292301,0,0,0,0,0,0,0,0,0,0,0,0,574,24
1643673979.6812232,445407.66479325294,2022-01-31 17:06:19.681237,20.06,19.0,-6.0,1.0,669.3900180975,0,0,0,0,0,0,0,0,0,0,0,0,563,23
1643673980.465915,445408.44948220253,2022-01-31 17:06:20.465928,20.06,19.0,-6.0,1.0,669.42001877058,0,0,0,0,0,0,0,0,0,0,0,0,572,17
1643673981.5416977,445409.52526545525,2022-01-31 17:06:21.541711,20.06,19.0,-6.0,1.0,669.3900180975,0,0,0,0,0,0,0,0,0,0,0,0,564,27
1643673982.3115456,445410.2951197624,2022-01-31 17:06:22.311559,20.06,19.0,-6.0,1.0,669.40501843404,0,0,0,0,0,0,0,0,0,0,0,0,573,24
1643673983.1537228,445411.1372835636,2022-01-31 17:06:23.153736,20.06,19.1,-6.0,1.0,669.4950204532801,0,0,0,0,0,0,0,0,0,0,0,0,573,29
1643673984.176012,445412.15957951546,2022-01-31 17:06:24.176026,20.06,19.1,-6.0,1.0,669.5400214629001,0,0,0,0,0,0,0,0,0,0,0,0,571,28
1643673984.9994314,445412.98299503326,2022-01-31 17:06:24.999445,20.06,19.1,-6.0,1.0,669.6300234821401,0,0,0,0,0,0,0,0,0,0,0,0,566,28
1643673985.762625,445413.74619960785,2022-01-31 17:06:25.762636,20.06,19.1,-6.0,1.0,669.57752230425,0,0,0,0,0,0,0,0,0,0,0,0,564,25
1643673986.8152416,445414.7988011837,2022-01-31 17:06:26.815256,20.06,19.1,-6.0,1.0,669.55502179944,0,0,0,0,0,0,0,0,0,0,0,0,570,29
1643673987.6370914,445415.62065935135,2022-01-31 17:06:27.637105,20.06,19.1,-6.0,1.0,669.55502179944,0,0,0,0,0,0,0,0,0,0,0,0,568,26
1643673988.409027,445416.39258790016,2022-01-31 17:06:28.409040,20.07,19.1,-6.0,1.0,669.57002213598,0,0,0,0,0,0,0,0,0,0,0,0,572,25
1643673989.4898996,445417.47332167625,2022-01-31 17:06:29.489914,20.06,19.1,-6.0,1.0,669.6150231456,0,0,0,0,0,0,0,0,0,0,0,0,565,23
1643673990.258787,445418.2423593998,2022-01-31 17:06:30.258798,20.06,19.1,-6.0,1.0,669.6150231456,0,0,0,0,0,0,0,0,0,0,0,0,568,28
1643673991.0799735,445419.0635304451,2022-01-31 17:06:31.079990,20.06,19.0,-6.0,1.0,669.55502179944,0,0,0,0,0,0,0,0,0,0,0,0,565,23
1643673992.106303,445420.08986997604,2022-01-31 17:06:32.106317,20.05,19.0,-6.0,1.0,669.5325212946301,0,0,0,0,0,0,0,0,0,0,0,0,583,26
1643673992.942809,445420.9263780117,2022-01-31 17:06:32.942825,20.06,19.0,-6.0,1.0,669.5325212946301,0,0,0,0,0,0,0,0,0,0,0,0,580,28
1643673993.7106261,445421.69419789314,2022-01-31 17:06:33.710639,20.06,19.1,-6.0,1.0,669.4800201167401,0,0,0,0,0,0,0,0,0,0,0,0,567,21
1643673994.7305527,445422.71412587166,2022-01-31 17:06:34.730582,20.06,19.1,-6.0,1.0,669.5400214629001,0,0,0,0,0,0,0,0,0,0,0,0,577,26
1643673995.5565996,445423.54011774063,2022-01-31 17:06:35.556616,20.06,19.1,-6.0,1.0,669.5400214629001,0,0,0,0,0,0,0,0,0,0,0,0,567,28
1643673996.3411596,445424.32473158836,2022-01-31 17:06:36.341172,20.06,19.1,-6.0,1.0,669.4725199484701,0,0,0,0,0,0,0,0,0,0,0,0,565,20
1643673997.4229865,445425.4065592289,2022-01-31 17:06:37.423000,20.05,19.1,-6.0,1.0,669.5325212946301,0,0,0,0,0,0,0,0,0,0,0,0,562,24
1643673998.1855288,445426.1690969467,2022-01-31 17:06:38.185543,20.06,19.1,-6.0,1.0,669.5400214629001,0,0,0,0,0,0,0,0,0,0,0,0,561,24
1643673999.0056953,445426.9892566204,2022-01-31 17:06:39.005709,20.05,19.1,-6.0,1.0,669.4725199484701,0,0,0,0,0,0,0,0,0,0,0,0,561,22
1643674000.0277262,445428.01129436493,2022-01-31 17:06:40.027740,20.05,19.1,-6.0,1.0,669.5325212946301,0,0,0,0,0,0,0,0,0,0,0,0,575,19
1643674000.8633308,445428.8469057083,2022-01-31 17:06:40.863344,20.06,19.1,-6.0,1.0,669.5325212946301,0,0,0,0,0,0,0,0,0,0,0,0,564,21
1643674001.6276264,445429.6111931801,2022-01-31 17:06:41.627638,20.06,19.1,-6.0,1.0,669.4800201167401,0,0,0,0,0,0,0,0,0,0,0,0,569,25
1643674002.680029,445430.66359615326,2022-01-31 17:06:42.680043,20.05,19.1,-6.0,1.0,669.5325212946301,0,0,0,0,0,0,0,0,0,0,0,0,572,22
1643674003.5024045,445431.485976696,2022-01-31 17:06:43.502417,20.05,19.1,-6.0,1.0,669.5325212946301,0,0,0,0,0,0,0,0,0,0,0,0,572,22
1643674004.27416,445432.25772833824,2022-01-31 17:06:44.274174,20.05,19.1,-6.0,1.0,669.4725199484701,0,0,0,0,0,0,0,0,0,0,0,0,571,24
1643674005.3536613,445433.3372347355,2022-01-31 17:06:45.353675,20.04,19.1,-6.0,1.0,669.51752095809,0,0,0,0,0,0,0,0,0,0,0,0,573,25
1643674006.1273725,445434.1109485626,2022-01-31 17:06:46.127398,20.05,19.1,-6.0,1.0,669.5325212946301,0,0,0,0,0,0,0,0,0,0,0,0,572,32
1643674006.9500916,445434.93366646767,2022-01-31 17:06:46.950105,20.05,19.0,-6.0,1.0,669.4725199484701,0,0,0,0,0,0,0,0,0,0,0,0,568,24
1643674007.981322,445435.96489071846,2022-01-31 17:06:47.981336,20.05,19.0,-6.0,1.0,669.45751961193,0,0,0,0,0,0,0,0,0,0,0,0,575,31
1643674008.763167,445436.7467343807,2022-01-31 17:06:48.763180,20.06,19.0,-6.0,1.0,669.4650197802,0,0,0,0,0,0,0,0,0,0,0,0,571,29
1643674009.587752,445437.57131528854,2022-01-31 17:06:49.587766,20.06,19.1,-6.0,1.0,669.40501843404,0,0,0,0,0,0,0,0,0,0,0,0,575,23
1643674010.6158397,445438.599408865,2022-01-31 17:06:50.615853,20.05,19.1,-6.0,1.0,669.45751961193,0,0,0,0,0,0,0,0,0,0,0,0,562,30
1643674011.4443088,445439.4278869629,2022-01-31 17:06:51.444321,20.05,19.1,-6.0,1.0,669.45751961193,0,0,0,0,0,0,0,0,0,0,0,0,572,29
1643674012.2367654,445440.2203426361,2022-01-31 17:06:52.236788,20.05,19.1,-6.0,1.0,669.39751826577,0,0,0,0,0,0,0,0,0,0,0,0,573,28
1643674013.3207781,445441.30435347557,2022-01-31 17:06:53.320791,20.04,19.1,-6.0,1.0,669.45751961193,0,0,0,0,0,0,0,0,0,0,0,0,573,25
1643674014.089031,445442.07259631157,2022-01-31 17:06:54.089044,20.05,19.1,-6.0,1.0,669.45751961193,0,0,0,0,0,0,0,0,0,0,0,0,572,24
1643674014.9177518,445442.9013187885,2022-01-31 17:06:54.917765,20.06,19.1,-6.0,1.0,669.4800201167401,0,0,0,0,0,0,0,0,0,0,0,0,565,20
1643674015.9385974,445443.92215776443,2022-01-31 17:06:55.938611,20.05,19.1,-6.0,1.0,669.45751961193,0,0,0,0,0,0,0,0,0,0,0,0,555,21
1643674016.7191114,445444.70268011093,2022-01-31 17:06:56.719123,20.06,19.1,-6.0,1.0,669.4650197802,0,0,0,0,0,0,0,0,0,0,0,0,565,19
1643674017.543061,445445.5266337395,2022-01-31 17:06:57.543076,20.06,19.1,-6.0,1.0,669.4800201167401,0,0,0,0,0,0,0,0,0,0,0,0,562,21
1643674018.585239,445446.5688061714,2022-01-31 17:06:58.585253,20.06,19.1,-6.0,1.0,669.4650197802,0,0,0,0,0,0,0,0,0,0,0,0,565,27
1643674019.4080029,445447.39157891273,2022-01-31 17:06:59.408015,20.06,19.1,-6.0,1.0,669.4650197802,0,0,0,0,0,0,0,0,0,0,0,0,565,24
1643674020.1824014,445448.165977478,2022-01-31 17:07:00.182413,20.06,19.1,-6.0,1.0,669.4800201167401,0,0,0,0,0,0,0,0,0,0,0,0,565,26
1643674021.25866,445449.24223709106,2022-01-31 17:07:01.258673,20.06,19.1,-6.0,1.0,669.5325212946301,0,0,0,0,0,0,0,0,0,0,0,0,566,23
1643674022.0289931,445450.0125603676,2022-01-31 17:07:02.029005,20.06,19.1,-6.0,1.0,669.5400214629001,0,0,0,0,0,0,0,0,0,0,0,0,571,25
1643674022.8500462,445450.83361935616,2022-01-31 17:07:02.850058,20.06,19.1,-6.0,1.0,669.55502179944,0,0,0,0,0,0,0,0,0,0,0,0,567,21
1643674023.875923,445451.8594839573,2022-01-31 17:07:03.875937,20.06,19.1,-6.0,1.0,669.5325212946301,0,0,0,0,0,0,0,0,0,0,0,0,568,25
1643674024.6642623,445452.64782977104,2022-01-31 17:07:04.664275,20.06,19.1,-6.0,1.0,669.5400214629001,0,0,0,0,0,0,0,0,0,0,0,0,561,25
1643674025.4858718,445453.46944117546,2022-01-31 17:07:05.485885,20.06,19.1,-6.0,1.0,669.55502179944,0,0,0,0,0,0,0,0,0,0,0,0,562,20
1643674026.505536,445454.48910951614,2022-01-31 17:07:06.505548,20.05,19.1,-6.0,1.0,669.6075229773301,0,0,0,0,0,0,0,0,0,0,0,0,562,20
1643674027.3332376,445455.316804409,2022-01-31 17:07:07.333251,20.05,19.1,-6.0,1.0,669.6075229773301,0,0,0,0,0,0,0,0,0,0,0,0,564,24
1643674028.1211617,445456.10472869873,2022-01-31 17:07:08.121173,20.06,19.1,-6.0,1.0,669.55502179944,0,0,0,0,0,0,0,0,0,0,0,0,561,21
1643674029.2142897,445457.1978595257,2022-01-31 17:07:09.214302,20.06,19.1,-6.0,1.0,669.6150231456,0,0,0,0,0,0,0,0,0,0,0,0,563,22
1643674029.9802015,445457.9637722969,2022-01-31 17:07:09.980227,20.06,19.1,-6.0,1.0,669.6300234821401,0,0,0,0,0,0,0,0,0,0,0,0,566,24
1643674030.7516992,445458.7352614403,2022-01-31 17:07:10.751712,20.06,19.0,-6.0,1.0,669.55502179944,0,0,0,0,0,0,0,0,0,0,0,0,572,21
1643674031.8254943,445459.8090713024,2022-01-31 17:07:11.825507,20.05,19.0,-6.0,1.0,669.5325212946301,0,0,0,0,0,0,0,0,0,0,0,0,572,23
1643674032.59825,445460.5818157196,2022-01-31 17:07:12.598264,20.06,19.0,-6.0,1.0,669.45751961193,0,0,0,0,0,0,0,0,0,0,0,0,568,23
1643674033.4196498,445461.4032242298,2022-01-31 17:07:13.419665,20.05,19.1,-6.0,1.0,669.39751826577,0,0,0,0,0,0,0,0,0,0,0,0,574,26
1643674034.4648385,445462.4484088421,2022-01-31 17:07:14.464853,20.05,19.1,-6.0,1.0,669.3825179292301,0,0,0,0,0,0,0,0,0,0,0,0,567,26
1643674035.2860396,445463.26961636543,2022-01-31 17:07:15.286052,20.05,19.1,-6.0,1.0,669.3825179292301,0,0,0,0,0,0,0,0,0,0,0,0,570,26
1643674036.0568323,445464.0404057503,2022-01-31 17:07:16.056859,20.06,19.1,-6.0,1.0,669.3225165830701,0,0,0,0,0,0,0,0,0,0,0,0,565,24
1643674037.1392248,445465.1227891445,2022-01-31 17:07:17.139239,20.05,19.1,-6.0,1.0,669.30751624653,0,0,0,0,0,0,0,0,0,0,0,0,562,24
1643674037.9068913,445465.89045739174,2022-01-31 17:07:17.906905,20.06,19.1,-6.0,1.0,669.3900180975,0,0,0,0,0,0,0,0,0,0,0,0,567,28
1643674038.687979,445466.6715528965,2022-01-31 17:07:18.687993,20.06,19.1,-6.0,1.0,669.40501843404,0,0,0,0,0,0,0,0,0,0,0,0,562,23
1643674039.7725012,445467.75606298447,2022-01-31 17:07:19.772517,20.05,19.1,-6.0,1.0,669.45751961193,0,0,0,0,0,0,0,0,0,0,0,0,569,25
1643674040.557316,445468.54088425636,2022-01-31 17:07:20.557330,20.06,19.1,-6.0,1.0,669.4650197802,0,0,0,0,0,0,0,0,0,0,0,0,566,28
1643674041.379236,445469.36280345917,2022-01-31 17:07:21.379251,20.05,19.1,-6.0,1.0,669.40501843404,0,0,0,0,0,0,0,0,0,0,0,0,574,30
1643674042.4035888,445470.3871638775,2022-01-31 17:07:22.403613,20.06,19.1,-6.0,1.0,669.4650197802,0,0,0,0,0,0,0,0,0,0,0,0,565,29
1643674043.233354,445471.21692967415,2022-01-31 17:07:23.233366,20.06,19.1,-6.0,1.0,669.4650197802,0,0,0,0,0,0,0,0,0,0,0,0,573,20
1643674044.0161936,445471.99976062775,2022-01-31 17:07:24.016207,20.06,19.1,-6.0,1.0,669.40501843404,0,0,0,0,0,0,0,0,0,0,0,0,569,25
1643674045.049148,445473.03271484375,2022-01-31 17:07:25.049161,20.06,19.1,-6.0,1.0,669.3900180975,0,0,0,0,0,0,0,0,0,0,0,0,565,25
1643674045.8702781,445473.8538532257,2022-01-31 17:07:25.870290,20.06,19.1,-6.0,1.0,669.3900180975,0,0,0,0,0,0,0,0,0,0,0,0,562,20
1643674046.6508431,445474.634414196,2022-01-31 17:07:26.650857,20.06,19.1,-6.0,1.0,669.40501843404,0,0,0,0,0,0,0,0,0,0,0,0,557,20
1643674047.7236814,445475.7072517872,2022-01-31 17:07:27.723694,20.06,19.1,-6.0,1.0,669.3900180975,0,0,0,0,0,0,0,0,0,0,0,0,565,20
1643674048.492707,445476.4762661457,2022-01-31 17:07:28.492722,20.06,19.1,-6.0,1.0,669.40501843404,0,0,0,0,0,0,0,0,0,0,0,0,569,29
1643674049.3146136,445477.2981815338,2022-01-31 17:07:29.314627,20.06,19.1,-6.0,1.0,669.40501843404,0,0,0,0,0,0,0,0,0,0,0,0,565,24
1643674050.3575547,445478.34112358093,2022-01-31 17:07:30.357568,20.06,19.1,-6.0,1.0,669.3900180975,0,0,0,0,0,0,0,0,0,0,0,0,564,25
1643674051.1779516,445479.1615264416,2022-01-31 17:07:31.177965,20.06,19.1,-6.0,1.0,669.4650197802,0,0,0,0,0,0,0,0,0,0,0,0,565,20
1643674051.9462814,445479.9298479557,2022-01-31 17:07:31.946296,20.06,19.1,-6.0,1.0,669.40501843404,0,0,0,0,0,0,0,0,0,0,0,0,567,22
1643674052.9756114,445480.95917630196,2022-01-31 17:07:32.975625,20.06,19.1,-6.0,1.0,669.4650197802,0,0,0,0,0,0,0,0,0,0,0,0,558,16
1643674053.7918959,445481.7754664421,2022-01-31 17:07:33.791909,20.06,19.1,-6.0,1.0,669.4650197802,0,0,0,0,0,0,0,0,0,0,0,0,558,20
1643674054.5606184,445482.5441865921,2022-01-31 17:07:34.560643,20.06,19.1,-6.0,1.0,669.4800201167401,0,0,0,0,0,0,0,0,0,0,0,0,568,23
1643674055.640135,445483.6237142086,2022-01-31 17:07:35.640149,20.06,19.1,-6.0,1.0,669.4650197802,0,0,0,0,0,0,0,0,0,0,0,0,565,22
1643674056.4238887,445484.4074585438,2022-01-31 17:07:36.423902,20.06,19.1,-6.0,1.0,669.5400214629001,0,0,0,0,0,0,0,0,0,0,0,0,569,25
1643674057.2443652,445485.2279355526,2022-01-31 17:07:37.244379,20.06,19.0,-6.0,1.0,669.42001877058,0,0,0,0,0,0,0,0,0,0,0,0,565,17
1643674058.2741258,445486.25770044327,2022-01-31 17:07:38.274138,20.06,19.0,-6.0,1.0,669.4650197802,0,0,0,0,0,0,0,0,0,0,0,0,574,25
1643674059.0975087,445487.08107972145,2022-01-31 17:07:39.097522,20.06,19.0,-6.0,1.0,669.4800201167401,0,0,0,0,0,0,0,0,0,0,0,0,564,17
1643674059.8903172,445487.87388682365,2022-01-31 17:07:39.890330,20.06,19.0,-6.0,1.0,669.42001877058,0,0,0,0,0,0,0,0,0,0,0,0,567,22
1643674060.9169142,445488.9004740715,2022-01-31 17:07:40.916927,20.06,19.0,-6.0,1.0,669.4800201167401,0,0,0,0,0,0,0,0,0,0,0,0,573,24
1643674061.7407162,445489.7242743969,2022-01-31 17:07:41.740730,20.07,19.0,-6.0,1.0,669.4800201167401,0,0,0,0,0,0,0,0,0,0,0,0,566,26
1643674062.5135667,445490.49712753296,2022-01-31 17:07:42.513582,20.07,19.1,-6.0,1.0,669.42751893885,0,0,0,0,0,0,0,0,0,0,0,0,567,22
1643674063.5915635,445491.5751299858,2022-01-31 17:07:43.591577,20.06,19.1,-6.0,1.0,669.42001877058,0,0,0,0,0,0,0,0,0,0,0,0,577,29
1643674064.3512764,445492.33484625816,2022-01-31 17:07:44.351335,20.08,19.1,-6.0,1.0,669.50252062155,0,0,0,0,0,0,0,0,0,0,0,0,566,24
1643674065.177577,445493.1611492634,2022-01-31 17:07:45.177590,20.07,19.1,-6.0,1.0,669.42751893885,0,0,0,0,0,0,0,0,0,0,0,0,573,24
1643674066.19762,445494.18118834496,2022-01-31 17:07:46.197634,20.06,19.1,-6.0,1.0,669.4800201167401,0,0,0,0,0,0,0,0,0,0,0,0,568,29
1643674067.0330236,445495.0165941715,2022-01-31 17:07:47.033038,20.06,19.1,-6.0,1.0,669.4800201167401,0,0,0,0,0,0,0,0,0,0,0,0,570,25
1643674067.800102,445495.7836675644,2022-01-31 17:07:47.800116,20.07,19.1,-6.0,1.0,669.42751893885,0,0,0,0,0,0,0,0,0,0,0,0,571,26
1643674068.8331764,445496.816740036,2022-01-31 17:07:48.833191,20.06,19.1,-6.0,1.0,669.42001877058,0,0,0,0,0,0,0,0,0,0,0,0,568,21
1643674069.651311,445497.6348834038,2022-01-31 17:07:49.651323,20.07,19.1,-6.0,1.0,669.42001877058,0,0,0,0,0,0,0,0,0,0,0,0,565,29
1643674070.4254231,445498.4089934826,2022-01-31 17:07:50.425436,20.08,19.0,-6.0,1.0,669.44251927539,0,0,0,0,0,0,0,0,0,0,0,0,576,25
1643674071.504942,445499.4885060787,2022-01-31 17:07:51.504956,20.07,19.0,-6.0,1.0,669.40501843404,0,0,0,0,0,0,0,0,0,0,0,0,564,22
1643674072.2976766,445500.28125166893,2022-01-31 17:07:52.297703,20.07,19.0,-6.0,1.0,669.42001877058,0,0,0,0,0,0,0,0,0,0,0,0,575,25
1643674073.1198695,445501.1034402847,2022-01-31 17:07:53.119883,20.07,19.1,-6.0,1.0,669.42751893885,0,0,0,0,0,0,0,0,0,0,0,0,572,25
1643674074.1436203,445502.1271891594,2022-01-31 17:07:54.143635,20.06,19.1,-6.0,1.0,669.40501843404,0,0,0,0,0,0,0,0,0,0,0,0,572,28
1643674074.9675875,445502.95110940933,2022-01-31 17:07:54.967610,20.07,19.1,-6.0,1.0,669.42001877058,0,0,0,0,0,0,0,0,0,0,0,0,571,25
1643674075.7384694,445503.7220363617,2022-01-31 17:07:55.738484,20.07,19.1,-6.0,1.0,669.42751893885,0,0,0,0,0,0,0,0,0,0,0,0,577,27
1643674076.7708218,445504.7543928623,2022-01-31 17:07:56.770836,20.07,19.1,-6.0,1.0,669.42001877058,0,0,0,0,0,0,0,0,0,0,0,0,565,28
1643674077.5958042,445505.5793762207,2022-01-31 17:07:57.595817,20.07,19.1,-6.0,1.0,669.40501843404,0,0,0,0,0,0,0,0,0,0,0,0,575,25
1643674078.3589952,445506.34255719185,2022-01-31 17:07:58.359011,20.07,19.1,-6.0,1.0,669.42001877058,0,0,0,0,0,0,0,0,0,0,0,0,572,26
1643674079.4431942,445507.4267709255,2022-01-31 17:07:59.443206,20.06,19.1,-6.0,1.0,669.3900180975,0,0,0,0,0,0,0,0,0,0,0,0,570,22
1643674080.2115476,445508.19511437416,2022-01-31 17:08:00.211561,20.06,19.1,-6.0,1.0,669.40501843404,0,0,0,0,0,0,0,0,0,0,0,0,564,26
1643674081.0331159,445509.0166797638,2022-01-31 17:08:01.033130,20.06,19.1,-6.0,1.0,669.42001877058,0,0,0,0,0,0,0,0,0,0,0,0,567,21
1643674082.0717275,445510.05529665947,2022-01-31 17:08:02.071741,20.06,19.1,-6.0,1.0,669.4650197802,0,0,0,0,0,0,0,0,0,0,0,0,566,23
1643674082.8980725,445510.8816514015,2022-01-31 17:08:02.898084,20.06,19.1,-6.0,1.0,669.40501843404,0,0,0,0,0,0,0,0,0,0,0,0,567,24
1643674083.6596603,445511.6432290077,2022-01-31 17:08:03.659674,20.07,19.1,-6.0,1.0,669.42751893885,0,0,0,0,0,0,0,0,0,0,0,0,560,27
1643674084.6892898,445512.6728672981,2022-01-31 17:08:04.689315,20.06,19.1,-6.0,1.0,669.40501843404,0,0,0,0,0,0,0,0,0,0,0,0,566,30
1643674085.5046275,445513.4881911278,2022-01-31 17:08:05.504641,20.07,19.1,-6.0,1.0,669.40501843404,0,0,0,0,0,0,0,0,0,0,0,0,565,25
1643674086.2815526,445514.2651181221,2022-01-31 17:08:06.281567,20.07,19.1,-6.0,1.0,669.3675175926901,0,0,0,0,0,0,0,0,0,0,0,0,555,25
1643674087.359902,445515.3434700966,2022-01-31 17:08:07.359915,20.07,19.1,-6.0,1.0,669.42001877058,0,0,0,0,0,0,0,0,0,0,0,0,568,21
1643674088.1521902,445516.1357681751,2022-01-31 17:08:08.152201,20.08,19.1,-6.0,1.0,669.42751893885,0,0,0,0,0,0,0,0,0,0,0,0,575,30
1643674088.969112,445516.95268917084,2022-01-31 17:08:08.969124,20.07,19.1,-6.0,1.0,669.42751893885,0,0,0,0,0,0,0,0,0,0,0,0,568,23
1643674089.9940464,445517.97761416435,2022-01-31 17:08:09.994060,20.06,19.1,-6.0,1.0,669.4800201167401,0,0,0,0,0,0,0,0,0,0,0,0,568,21
1643674090.7650323,445518.74860954285,2022-01-31 17:08:10.765056,20.07,19.1,-6.0,1.0,669.4800201167401,0,0,0,0,0,0,0,0,0,0,0,0,566,21
1643674091.6132708,445519.59684467316,2022-01-31 17:08:11.613284,20.06,19.1,-6.0,1.0,669.4950204532801,0,0,0,0,0,0,0,0,0,0,0,0,564,27
1643674092.6337097,445520.6172771454,2022-01-31 17:08:12.633725,20.06,19.1,-6.0,1.0,669.4800201167401,0,0,0,0,0,0,0,0,0,0,0,0,564,30
1643674093.4584637,445521.4420390129,2022-01-31 17:08:13.458475,20.07,19.1,-6.0,1.0,669.4800201167401,0,0,0,0,0,0,0,0,0,0,0,0,571,28
1643674094.2322712,445522.2157802582,2022-01-31 17:08:14.232298,20.07,19.1,-6.0,1.0,669.4950204532801,0,0,0,0,0,0,0,0,0,0,0,0,569,30
1643674095.326049,445523.3096191883,2022-01-31 17:08:15.326061,20.06,19.1,-6.0,1.0,669.4800201167401,0,0,0,0,0,0,0,0,0,0,0,0,563,28
1643674096.0862515,445524.0698184967,2022-01-31 17:08:16.086265,20.07,19.1,-6.0,1.0,669.4800201167401,0,0,0,0,0,0,0,0,0,0,0,0,567,29
1643674096.9183109,445524.90169763565,2022-01-31 17:08:16.918326,20.07,19.1,-6.0,1.0,669.50252062155,0,0,0,0,0,0,0,0,0,0,0,0,568,25
1643674097.9507134,445525.9342803955,2022-01-31 17:08:17.950727,20.06,19.1,-6.0,1.0,669.4800201167401,0,0,0,0,0,0,0,0,0,0,0,0,557,18
1643674098.7243662,445526.7079343796,2022-01-31 17:08:18.724380,20.07,19.1,-6.0,1.0,669.4950204532801,0,0,0,0,0,0,0,0,0,0,0,0,554,21
1643674099.543714,445527.52728796005,2022-01-31 17:08:19.543727,20.07,19.1,-6.0,1.0,669.42751893885,0,0,0,0,0,0,0,0,0,0,0,0,569,26
1643674100.5766037,445528.56011247635,2022-01-31 17:08:20.576623,20.07,19.1,-6.0,1.0,669.4800201167401,0,0,0,0,0,0,0,0,0,0,0,0,569,20
1643674101.3982382,445529.38180041313,2022-01-31 17:08:21.398252,20.07,19.1,-6.0,1.0,669.42001877058,0,0,0,0,0,0,0,0,0,0,0,0,566,20
1643674102.1719887,445530.1555624008,2022-01-31 17:08:22.172015,20.08,19.1,-6.0,1.0,669.44251927539,0,0,0,0,0,0,0,0,0,0,0,0,565,14
1643674103.252726,445531.2362885475,2022-01-31 17:08:23.252741,20.07,19.1,-6.0,1.0,669.4950204532801,0,0,0,0,0,0,0,0,0,0,0,0,563,18
1643674104.0325742,445532.0161445141,2022-01-31 17:08:24.032587,20.08,19.1,-6.0,1.0,669.50252062155,0,0,0,0,0,0,0,0,0,0,0,0,555,18
1643674104.8513727,445532.83494257927,2022-01-31 17:08:24.851387,20.08,19.1,-6.0,1.0,669.44251927539,0,0,0,0,0,0,0,0,0,0,0,0,561,24
1643674105.8813553,445533.8649213314,2022-01-31 17:08:25.881369,20.08,19.1,-6.0,1.0,669.50252062155,0,0,0,0,0,0,0,0,0,0,0,0,561,16
1643674106.6493506,445534.6329193115,2022-01-31 17:08:26.649363,20.09,19.1,-6.0,1.0,669.44251927539,0,0,0,0,0,0,0,0,0,0,0,0,571,23
1643674107.4890347,445535.4726052284,2022-01-31 17:08:27.489049,20.09,19.1,-6.0,1.0,669.45751961193,0,0,0,0,0,0,0,0,0,0,0,0,566,23
1643674108.5162783,445536.49983906746,2022-01-31 17:08:28.516293,20.08,19.1,-6.0,1.0,669.42751893885,0,0,0,0,0,0,0,0,0,0,0,0,565,24
1643674109.3390987,445537.3226585388,2022-01-31 17:08:29.339112,20.08,19.1,-6.0,1.0,669.50252062155,0,0,0,0,0,0,0,0,0,0,0,0,566,22
1643674110.1209319,445538.10450029373,2022-01-31 17:08:30.120946,20.08,19.1,-6.0,1.0,669.44251927539,0,0,0,0,0,0,0,0,0,0,0,0,570,20
1643674111.2035382,445539.1871137619,2022-01-31 17:08:31.203550,20.07,19.1,-6.0,1.0,669.4950204532801,0,0,0,0,0,0,0,0,0,0,0,0,564,21
1643674111.9696455,445539.9532151222,2022-01-31 17:08:31.969659,20.08,19.1,-6.0,1.0,669.4950204532801,0,0,0,0,0,0,0,0,0,0,0,0,562,25
1643674112.7459545,445540.72952485085,2022-01-31 17:08:32.745968,20.07,19.1,-6.0,1.0,669.42751893885,0,0,0,0,0,0,0,0,0,0,0,0,567,25
1643674113.842249,445541.82581591606,2022-01-31 17:08:33.842262,20.06,19.1,-6.0,1.0,669.4800201167401,0,0,0,0,0,0,0,0,0,0,0,0,564,24
1643674114.6186235,445542.6021947861,2022-01-31 17:08:34.618637,20.06,19.1,-6.0,1.0,669.4800201167401,0,0,0,0,0,0,0,0,0,0,0,0,562,21
1643674115.430939,445543.4145152569,2022-01-31 17:08:35.430951,20.06,19.1,-6.0,1.0,669.42001877058,0,0,0,0,0,0,0,0,0,0,0,0,566,24
1643674116.4770682,445544.46063637733,2022-01-31 17:08:36.477082,20.06,19.1,-6.0,1.0,669.4650197802,0,0,0,0,0,0,0,0,0,0,0,0,568,28
1643674117.295936,445545.2795062065,2022-01-31 17:08:37.295949,20.06,19.1,-6.0,1.0,669.4800201167401,0,0,0,0,0,0,0,0,0,0,0,0,568,28
1643674118.0706227,445546.0541834831,2022-01-31 17:08:38.070638,20.06,19.1,-6.0,1.0,669.42001877058,0,0,0,0,0,0,0,0,0,0,0,0,570,24
1643674119.1550763,445547.1386396885,2022-01-31 17:08:39.155092,20.06,19.1,-6.0,1.0,669.4800201167401,0,0,0,0,0,0,0,0,0,0,0,0,563,25
1643674119.9491768,445547.93273949623,2022-01-31 17:08:39.949193,20.07,19.1,-6.0,1.0,669.4950204532801,0,0,0,0,0,0,0,0,0,0,0,0,562,21
1643674120.7178407,445548.7014095783,2022-01-31 17:08:40.717854,20.07,19.1,-6.0,1.0,669.42751893885,0,0,0,0,0,0,0,0,0,0,0,0,568,23
1643674121.8026323,445549.78619885445,2022-01-31 17:08:41.802647,20.06,19.1,-6.0,1.0,669.4800201167401,0,0,0,0,0,0,0,0,0,0,0,0,566,25
1643674122.5825274,445550.566092968,2022-01-31 17:08:42.582542,20.07,19.1,-6.0,1.0,669.4950204532801,0,0,0,0,0,0,0,0,0,0,0,0,564,23
1643674123.4068816,445551.390455246,2022-01-31 17:08:43.406894,20.07,19.1,-6.0,1.0,669.42751893885,0,0,0,0,0,0,0,0,0,0,0,0,562,18
1643674124.4296188,445552.4131798744,2022-01-31 17:08:44.429632,20.07,19.1,-6.0,1.0,669.42001877058,0,0,0,0,0,0,0,0,0,0,0,0,562,23
1643674125.2564836,445553.24005556107,2022-01-31 17:08:45.256497,20.08,19.1,-6.0,1.0,669.50252062155,0,0,0,0,0,0,0,0,0,0,0,0,562,21
1643674126.0386672,445554.02224111557,2022-01-31 17:08:46.038680,20.08,19.1,-6.0,1.0,669.44251927539,0,0,0,0,0,0,0,0,0,0,0,0,562,27
1643674127.116836,445555.1004014015,2022-01-31 17:08:47.116849,20.08,19.1,-6.0,1.0,669.42751893885,0,0,0,0,0,0,0,0,0,0,0,0,568,29
1643674127.8831587,445555.86673259735,2022-01-31 17:08:47.883173,20.09,19.1,-6.0,1.0,669.44251927539,0,0,0,0,0,0,0,0,0,0,0,0,568,25
1643674128.6593366,445556.6429052353,2022-01-31 17:08:48.659352,20.09,19.1,-6.0,1.0,669.45751961193,0,0,0,0,0,0,0,0,0,0,0,0,565,25
1643674129.7326834,445557.716255188,2022-01-31 17:08:49.732698,20.08,19.1,-6.0,1.0,669.42751893885,0,0,0,0,0,0,0,0,0,0,0,0,565,30
1643674130.508166,445558.4917359352,2022-01-31 17:08:50.508180,20.09,19.1,-6.0,1.0,669.44251927539,0,0,0,0,0,0,0,0,0,0,0,0,575,27
1643674131.3394148,445559.32296681404,2022-01-31 17:08:51.339431,20.09,19.1,-6.0,1.0,669.51752095809,0,0,0,0,0,0,0,0,0,0,0,0,567,24
1643674132.3899088,445560.3734791279,2022-01-31 17:08:52.389923,20.08,19.1,-6.0,1.0,669.50252062155,0,0,0,0,0,0,0,0,0,0,0,0,565,29
1643674133.2088647,445561.1924378872,2022-01-31 17:08:53.208878,20.08,19.1,-6.0,1.0,669.50252062155,0,0,0,0,0,0,0,0,0,0,0,0,564,28
1643674133.9829745,445561.9664976597,2022-01-31 17:08:53.982986,20.09,19.1,-6.0,1.0,669.44251927539,0,0,0,0,0,0,0,0,0,0,0,0,566,22
1643674135.00954,445562.99310421944,2022-01-31 17:08:55.009553,20.08,19.1,-6.0,1.0,669.42751893885,0,0,0,0,0,0,0,0,0,0,0,0,567,22
1643674135.8528335,445563.83640003204,2022-01-31 17:08:55.852991,20.07,19.1,-6.0,1.0,669.50252062155,0,0,0,0,0,0,0,0,0,0,0,0,559,26
1643674136.6164467,445564.6000163555,2022-01-31 17:08:56.616459,20.08,19.1,-6.0,1.0,669.44251927539,0,0,0,0,0,0,0,0,0,0,0,0,565,21
1643674137.7008212,445565.6843855381,2022-01-31 17:08:57.700835,20.07,19.1,-6.0,1.0,669.4950204532801,0,0,0,0,0,0,0,0,0,0,0,0,566,18
1643674138.4895844,445566.4731147289,2022-01-31 17:08:58.489615,20.08,19.1,-6.0,1.0,669.50252062155,0,0,0,0,0,0,0,0,0,0,0,0,569,24
1643674139.3181918,445567.30176877975,2022-01-31 17:08:59.318203,20.08,19.2,-6.0,1.0,669.51752095809,0,0,0,0,0,0,0,0,0,0,0,0,570,25
1643674140.3351085,445568.3186802864,2022-01-31 17:09:00.335122,20.08,19.2,-6.0,1.0,669.50252062155,0,0,0,0,0,0,0,0,0,0,0,0,565,30
1643674141.1730444,445569.1566166878,2022-01-31 17:09:01.173058,20.08,19.2,-6.0,1.0,669.50252062155,0,0,0,0,0,0,0,0,0,0,0,0,575,27
1643674141.9527962,445569.93636870384,2022-01-31 17:09:01.952808,20.09,19.2,-6.0,1.0,669.5325212946301,0,0,0,0,0,0,0,0,0,0,0,0,570,23
1643674142.9767094,445570.9602856636,2022-01-31 17:09:02.976722,20.09,19.2,-6.0,1.0,669.51752095809,0,0,0,0,0,0,0,0,0,0,0,0,572,20
1643674143.794406,445571.7779741287,2022-01-31 17:09:03.794418,20.1,19.2,-6.0,1.0,669.51752095809,0,0,0,0,0,0,0,0,0,0,0,0,571,27
1643674144.5654461,445572.54900956154,2022-01-31 17:09:04.565462,20.1,19.1,-6.0,1.0,669.4650197802,0,0,0,0,0,0,0,0,0,0,0,0,565,23
1643674145.6439898,445573.62756705284,2022-01-31 17:09:05.644005,20.09,19.1,-6.0,1.0,669.44251927539,0,0,0,0,0,0,0,0,0,0,0,0,575,24
1643674146.4124734,445574.39605021477,2022-01-31 17:09:06.412496,20.09,19.1,-6.0,1.0,669.42751893885,0,0,0,0,0,0,0,0,0,0,0,0,570,27
1643674147.2381546,445575.22171998024,2022-01-31 17:09:07.238167,20.08,19.1,-6.0,1.0,669.44251927539,0,0,0,0,0,0,0,0,0,0,0,0,577,25
1643674148.2704167,445576.2539887428,2022-01-31 17:09:08.270430,20.08,19.1,-6.0,1.0,669.50252062155,0,0,0,0,0,0,0,0,0,0,0,0,574,27
1643674149.0961597,445577.07973480225,2022-01-31 17:09:09.096173,20.08,19.1,-6.0,1.0,669.51752095809,0,0,0,0,0,0,0,0,0,0,0,0,568,18
1643674149.8604176,445577.84392237663,2022-01-31 17:09:09.860450,20.09,19.1,-6.0,1.0,669.45751961193,0,0,0,0,0,0,0,0,0,0,0,0,578,29
1643674150.8936524,445578.877222538,2022-01-31 17:09:10.893666,20.09,19.1,-6.0,1.0,669.50252062155,0,0,0,0,0,0,0,0,0,0,0,0,572,27
1643674151.7257261,445579.7092945576,2022-01-31 17:09:11.725740,20.09,19.1,-6.0,1.0,669.51752095809,0,0,0,0,0,0,0,0,0,0,0,0,579,27
1643674152.4943404,445580.47785305977,2022-01-31 17:09:12.494354,20.09,19.1,-6.0,1.0,669.45751961193,0,0,0,0,0,0,0,0,0,0,0,0,574,28
1643674153.5725694,445581.5561387539,2022-01-31 17:09:13.572582,20.08,19.1,-6.0,1.0,669.50252062155,0,0,0,0,0,0,0,0,0,0,0,0,571,26
1643674154.3683345,445582.351906538,2022-01-31 17:09:14.368348,20.08,19.1,-6.0,1.0,669.50252062155,0,0,0,0,0,0,0,0,0,0,0,0,574,21
1643674155.1875958,445583.1711513996,2022-01-31 17:09:15.187610,20.09,19.1,-6.0,1.0,669.5325212946301,0,0,0,0,0,0,0,0,0,0,0,0,568,28
1643674156.2178724,445584.2014415264,2022-01-31 17:09:16.217886,20.09,19.1,-6.0,1.0,669.50252062155,0,0,0,0,0,0,0,0,0,0,0,0,576,21
1643674157.0417879,445585.0253624916,2022-01-31 17:09:17.041801,20.09,19.1,-6.0,1.0,669.51752095809,0,0,0,0,0,0,0,0,0,0,0,0,572,25
1643674157.830615,445585.8141863346,2022-01-31 17:09:17.830628,20.09,19.1,-6.0,1.0,669.5325212946301,0,0,0,0,0,0,0,0,0,0,0,0,578,30
1643674158.849634,445586.8332116604,2022-01-31 17:09:18.849658,20.09,19.1,-6.0,1.0,669.51752095809,0,0,0,0,0,0,0,0,0,0,0,0,576,26
1643674159.6856062,445587.6691713333,2022-01-31 17:09:19.685619,20.09,19.1,-6.0,1.0,669.51752095809,0,0,0,0,0,0,0,0,0,0,0,0,575,24
1643674160.456696,445588.4402689934,2022-01-31 17:09:20.456708,20.1,19.1,-6.0,1.0,669.45751961193,0,0,0,0,0,0,0,0,0,0,0,0,578,29
1643674161.5347617,445589.5183339119,2022-01-31 17:09:21.534776,20.09,19.1,-6.0,1.0,669.51752095809,0,0,0,0,0,0,0,0,0,0,0,0,583,28
1643674162.2953131,445590.2788774967,2022-01-31 17:09:22.295328,20.1,19.1,-6.0,1.0,669.5325212946301,0,0,0,0,0,0,0,0,0,0,0,0,579,31
1643674163.1141536,445591.09772515297,2022-01-31 17:09:23.114166,20.1,19.1,-6.0,1.0,669.5400214629001,0,0,0,0,0,0,0,0,0,0,0,0,572,22
1643674164.142947,445592.1265182495,2022-01-31 17:09:24.142960,20.1,19.1,-6.0,1.0,669.5325212946301,0,0,0,0,0,0,0,0,0,0,0,0,582,28
1643674164.9729075,445592.956482172,2022-01-31 17:09:24.972921,20.11,19.1,-6.0,1.0,669.45751961193,0,0,0,0,0,0,0,0,0,0,0,0,581,31
1643674165.7339501,445593.7175207138,2022-01-31 17:09:25.733964,20.11,19.1,-6.0,1.0,669.4800201167401,0,0,0,0,0,0,0,0,0,0,0,0,577,29
1643674166.7678444,445594.7514078617,2022-01-31 17:09:26.767859,20.1,19.1,-6.0,1.0,669.5325212946301,0,0,0,0,0,0,0,0,0,0,0,0,572,27
1643674167.5862265,445595.56979990005,2022-01-31 17:09:27.586241,20.11,19.1,-6.0,1.0,669.45751961193,0,0,0,0,0,0,0,0,0,0,0,0,571,25
1643674168.360643,445596.34421253204,2022-01-31 17:09:28.360656,20.11,19.1,-6.0,1.0,669.4650197802,0,0,0,0,0,0,0,0,0,0,0,0,572,23
1643674169.4310324,445597.4146101475,2022-01-31 17:09:29.431044,20.1,19.1,-6.0,1.0,669.45751961193,0,0,0,0,0,0,0,0,0,0,0,0,583,22
1643674170.201947,445598.18552160263,2022-01-31 17:09:30.201959,20.11,19.1,-6.0,1.0,669.45751961193,0,0,0,0,0,0,0,0,0,0,0,0,574,22
1643674171.0182526,445599.0018231869,2022-01-31 17:09:31.018264,20.1,19.1,-6.0,1.0,669.4650197802,0,0,0,0,0,0,0,0,0,0,0,0,580,27
1643674172.0413673,445600.0249376297,2022-01-31 17:09:32.041382,20.1,19.1,-6.0,1.0,669.45751961193,0,0,0,0,0,0,0,0,0,0,0,0,575,28
1643674172.8626714,445600.8462409973,2022-01-31 17:09:32.862685,20.1,19.1,-6.0,1.0,669.45751961193,0,0,0,0,0,0,0,0,0,0,0,0,575,26
1643674173.6470459,445601.6306140423,2022-01-31 17:09:33.647061,20.1,19.2,-6.0,1.0,669.4650197802,0,0,0,0,0,0,0,0,0,0,0,0,582,28
1643674174.673099,445602.6566708088,2022-01-31 17:09:34.673112,20.1,19.2,-6.0,1.0,669.45751961193,0,0,0,0,0,0,0,0,0,0,0,0,576,28
1643674175.5038369,445603.48741054535,2022-01-31 17:09:35.503848,20.1,19.2,-6.0,1.0,669.4650197802,0,0,0,0,0,0,0,0,0,0,0,0,577,28
1643674176.2740598,445604.2576248646,2022-01-31 17:09:36.274072,20.11,19.1,-6.0,1.0,669.40501843404,0,0,0,0,0,0,0,0,0,0,0,0,571,23
1643674177.350967,445605.3345468044,2022-01-31 17:09:37.350979,20.1,19.1,-6.0,1.0,669.45751961193,0,0,0,0,0,0,0,0,0,0,0,0,582,26
1643674178.1243033,445606.1078748703,2022-01-31 17:09:38.124316,20.11,19.1,-6.0,1.0,669.4650197802,0,0,0,0,0,0,0,0,0,0,0,0,578,23
1643674178.9512355,445606.9348165989,2022-01-31 17:09:38.951247,20.1,19.1,-6.0,1.0,669.4650197802,0,0,0,0,0,0,0,0,0,0,0,0,576,26
1643674179.9873364,445607.9709119797,2022-01-31 17:09:39.987348,20.1,19.1,-6.0,1.0,669.45751961193,0,0,0,0,0,0,0,0,0,0,0,0,574,26
1643674180.7624135,445608.7459690571,2022-01-31 17:09:40.762429,20.11,19.1,-6.0,1.0,669.4650197802,0,0,0,0,0,0,0,0,0,0,0,0,581,28
1643674181.5809932,445609.56456804276,2022-01-31 17:09:41.581005,20.11,19.2,-6.0,1.0,669.4650197802,0,0,0,0,0,0,0,0,0,0,0,0,583,29
1643674182.607451,445610.5910181999,2022-01-31 17:09:42.607466,20.1,19.2,-6.0,1.0,669.5325212946301,0,0,0,0,0,0,0,0,0,0,0,0,574,25
1643674183.422304,445611.40586948395,2022-01-31 17:09:43.422318,20.11,19.2,-6.0,1.0,669.4650197802,0,0,0,0,0,0,0,0,0,0,0,0,579,23
1643674184.1899014,445612.17347574234,2022-01-31 17:09:44.189914,20.12,19.1,-6.0,1.0,669.4800201167401,0,0,0,0,0,0,0,0,0,0,0,0,575,22
1643674185.2670743,445613.25064635277,2022-01-31 17:09:45.267085,20.11,19.1,-6.0,1.0,669.5400214629001,0,0,0,0,0,0,0,0,0,0,0,0,575,25
1643674186.056421,445614.03999114037,2022-01-31 17:09:46.056435,20.12,19.1,-6.0,1.0,669.4800201167401,0,0,0,0,0,0,0,0,0,0,0,0,590,31
1643674186.8752742,445614.85884571075,2022-01-31 17:09:46.875290,20.12,19.1,-6.0,1.0,669.4950204532801,0,0,0,0,0,0,0,0,0,0,0,0,587,29
1643674187.9084933,445615.8920633793,2022-01-31 17:09:47.908506,20.12,19.1,-6.0,1.0,669.4800201167401,0,0,0,0,0,0,0,0,0,0,0,0,575,29
1643674188.6777475,445616.6613166332,2022-01-31 17:09:48.677760,20.12,19.1,-6.0,1.0,669.4800201167401,0,0,0,0,0,0,0,0,0,0,0,0,583,31
1643674189.5115337,445617.49510478973,2022-01-31 17:09:49.511547,20.12,19.1,-6.0,1.0,669.4800201167401,0,0,0,0,0,0,0,0,0,0,0,0,582,34
1643674190.5362575,445618.51982164383,2022-01-31 17:09:50.536271,20.11,19.1,-6.0,1.0,669.4650197802,0,0,0,0,0,0,0,0,0,0,0,0,583,31
1643674191.3611178,445619.3446762562,2022-01-31 17:09:51.361131,20.11,19.1,-6.0,1.0,669.4650197802,0,0,0,0,0,0,0,0,0,0,0,0,572,24
1643674192.1303618,445620.11393499374,2022-01-31 17:09:52.130389,20.12,19.2,-6.0,1.0,669.40501843404,0,0,0,0,0,0,0,0,0,0,0,0,579,27
1643674193.2114997,445621.1950750351,2022-01-31 17:09:53.211513,20.11,19.2,-6.0,1.0,669.45751961193,0,0,0,0,0,0,0,0,0,0,0,0,577,28
1643674193.973724,445621.9572956562,2022-01-31 17:09:53.973738,20.12,19.2,-6.0,1.0,669.4800201167401,0,0,0,0,0,0,0,0,0,0,0,0,577,33
1643674194.7485647,445622.7321333885,2022-01-31 17:09:54.748578,20.12,19.2,-6.0,1.0,669.42001877058,0,0,0,0,0,0,0,0,0,0,0,0,579,26
1643674195.843561,445623.82712864876,2022-01-31 17:09:55.843573,20.11,19.2,-6.0,1.0,669.4650197802,0,0,0,0,0,0,0,0,0,0,0,0,578,29
1643674196.6230114,445624.6065835953,2022-01-31 17:09:56.623026,20.12,19.2,-6.0,1.0,669.4800201167401,0,0,0,0,0,0,0,0,0,0,0,0,575,26
1643674197.4474704,445625.4310462475,2022-01-31 17:09:57.447482,20.12,19.2,-6.0,1.0,669.42001877058,0,0,0,0,0,0,0,0,0,0,0,0,577,28
1643674198.4806035,445626.4641752243,2022-01-31 17:09:58.480631,20.12,19.2,-6.0,1.0,669.4800201167401,0,0,0,0,0,0,0,0,0,0,0,0,578,29
1643674199.2969828,445627.280557394,2022-01-31 17:09:59.296996,20.12,19.2,-6.0,1.0,669.4950204532801,0,0,0,0,0,0,0,0,0,0,0,0,580,29
1643674200.0733879,445628.0569562912,2022-01-31 17:10:00.073401,20.12,19.2,-6.0,1.0,669.42001877058,0,0,0,0,0,0,0,0,0,0,0,0,583,30
1643674201.1460516,445629.12962698936,2022-01-31 17:10:01.146064,20.12,19.2,-6.0,1.0,669.4950204532801,0,0,0,0,0,0,0,0,0,0,0,0,579,33
1643674201.9406426,445629.92421269417,2022-01-31 17:10:01.940657,20.12,19.2,-6.0,1.0,669.4950204532801,0,0,0,0,0,0,0,0,0,0,0,0,583,32
1643674202.704896,445630.6884698868,2022-01-31 17:10:02.704908,20.12,19.1,-6.0,1.0,669.42751893885,0,0,0,0,0,0,0,0,0,0,0,0,583,27
1643674203.7855737,445631.76915073395,2022-01-31 17:10:03.785584,20.12,19.1,-6.0,1.0,669.55502179944,0,0,0,0,0,0,0,0,0,0,0,0,579,26
1643674204.549899,445632.53347587585,2022-01-31 17:10:04.549924,20.12,19.1,-6.0,1.0,669.4950204532801,0,0,0,0,0,0,0,0,0,0,0,0,586,29
1643674205.389972,445633.3735487461,2022-01-31 17:10:05.389985,20.12,19.2,-6.0,1.0,669.42751893885,0,0,0,0,0,0,0,0,0,0,0,0,577,26
1643674206.4205668,445634.40413451195,2022-01-31 17:10:06.420580,20.12,19.2,-6.0,1.0,669.4800201167401,0,0,0,0,0,0,0,0,0,0,0,0,589,31
1643674207.2425597,445635.22612953186,2022-01-31 17:10:07.242573,20.12,19.2,-6.0,1.0,669.4800201167401,0,0,0,0,0,0,0,0,0,0,0,0,572,32
1643674208.0113368,445635.9949064255,2022-01-31 17:10:08.011350,20.12,19.2,-6.0,1.0,669.42751893885,0,0,0,0,0,0,0,0,0,0,0,0,584,28
1643674209.037385,445637.0209572315,2022-01-31 17:10:09.037397,20.12,19.2,-6.0,1.0,669.4950204532801,0,0,0,0,0,0,0,0,0,0,0,0,586,30
1643674209.8552384,445637.8388082981,2022-01-31 17:10:09.855253,20.12,19.2,-6.0,1.0,669.4950204532801,0,0,0,0,0,0,0,0,0,0,0,0,585,29
1643674210.6304533,445638.61402487755,2022-01-31 17:10:10.630466,20.12,19.1,-6.0,1.0,669.42751893885,0,0,0,0,0,0,0,0,0,0,0,0,578,30
1643674211.7223196,445639.7058811188,2022-01-31 17:10:11.722335,20.12,19.1,-6.0,1.0,669.4950204532801,0,0,0,0,0,0,0,0,0,0,0,0,586,30
1643674212.489334,445640.4729025364,2022-01-31 17:10:12.489347,20.12,19.1,-6.0,1.0,669.4950204532801,0,0,0,0,0,0,0,0,0,0,0,0,581,30
1643674213.307862,445641.29143309593,2022-01-31 17:10:13.307876,20.12,19.1,-6.0,1.0,669.42001877058,0,0,0,0,0,0,0,0,0,0,0,0,583,31
1643674214.3417263,445642.32530093193,2022-01-31 17:10:14.341740,20.12,19.1,-6.0,1.0,669.4800201167401,0,0,0,0,0,0,0,0,0,0,0,0,588,27
1643674215.1579053,445643.1414234638,2022-01-31 17:10:15.157918,20.12,19.1,-6.0,1.0,669.4950204532801,0,0,0,0,0,0,0,0,0,0,0,0,585,35
1643674215.9362285,445643.9198014736,2022-01-31 17:10:15.936252,20.12,19.1,-6.0,1.0,669.42751893885,0,0,0,0,0,0,0,0,0,0,0,0,583,31
1643674216.9621878,445644.9457640648,2022-01-31 17:10:16.962200,20.12,19.1,-6.0,1.0,669.4950204532801,0,0,0,0,0,0,0,0,0,0,0,0,574,31
1643674217.8022115,445645.78578543663,2022-01-31 17:10:17.802225,20.13,19.1,-6.0,1.0,669.42001877058,0,0,0,0,0,0,0,0,0,0,0,0,577,25
1643674218.5646968,445646.5482618809,2022-01-31 17:10:18.564712,20.14,19.2,-6.0,1.0,669.44251927539,0,0,0,0,0,0,0,0,0,0,0,0,581,30
1643674219.6410418,445647.62461328506,2022-01-31 17:10:19.641056,20.12,19.2,-6.0,1.0,669.42001877058,0,0,0,0,0,0,0,0,0,0,0,0,576,25
1643674220.411283,445648.3948495388,2022-01-31 17:10:20.411297,20.13,19.2,-6.0,1.0,669.42751893885,0,0,0,0,0,0,0,0,0,0,0,0,578,25
1643674221.2506077,445649.2341852188,2022-01-31 17:10:21.250620,20.13,19.2,-6.0,1.0,669.44251927539,0,0,0,0,0,0,0,0,0,0,0,0,572,28
1643674222.2717676,445650.25533771515,2022-01-31 17:10:22.271796,20.13,19.2,-6.0,1.0,669.42751893885,0,0,0,0,0,0,0,0,0,0,0,0,578,34
1643674223.0978787,445651.08145427704,2022-01-31 17:10:23.097893,20.13,19.2,-6.0,1.0,669.44251927539,0,0,0,0,0,0,0,0,0,0,0,0,575,27
1643674223.8774695,445651.8610293865,2022-01-31 17:10:23.877484,20.14,19.1,-6.0,1.0,669.45751961193,0,0,0,0,0,0,0,0,0,0,0,0,578,30
1643674224.9099123,445652.893478632,2022-01-31 17:10:24.909927,20.14,19.1,-6.0,1.0,669.44251927539,0,0,0,0,0,0,0,0,0,0,0,0,575,23
1643674225.7299438,445653.7135169506,2022-01-31 17:10:25.729957,20.14,19.1,-6.0,1.0,669.51752095809,0,0,0,0,0,0,0,0,0,0,0,0,574,24
1643674226.5044281,445654.48799324036,2022-01-31 17:10:26.504443,20.15,19.1,-6.0,1.0,669.45751961193,0,0,0,0,0,0,0,0,0,0,0,0,582,28
1643674227.593515,445655.57709145546,2022-01-31 17:10:27.593528,20.13,19.1,-6.0,1.0,669.42751893885,0,0,0,0,0,0,0,0,0,0,0,0,585,27
1643674228.3595881,445656.34315109253,2022-01-31 17:10:28.359601,20.14,19.1,-6.0,1.0,669.44251927539,0,0,0,0,0,0,0,0,0,0,0,0,581,30
1643674229.1781046,445657.1616768837,2022-01-31 17:10:29.178117,20.14,19.2,-6.0,1.0,669.3825179292301,0,0,0,0,0,0,0,0,0,0,0,0,580,26
1643674230.2306638,445658.21422195435,2022-01-31 17:10:30.230678,20.14,19.2,-6.0,1.0,669.45001944366,0,0,0,0,0,0,0,0,0,0,0,0,588,31
1643674231.0530734,445659.0366487503,2022-01-31 17:10:31.053086,20.15,19.2,-6.0,1.0,669.45001944366,0,0,0,0,0,0,0,0,0,0,0,0,588,29
1643674231.8183906,445659.80195236206,2022-01-31 17:10:31.818405,20.16,19.1,-6.0,1.0,669.4650197802,0,0,0,0,0,0,0,0,0,0,0,0,580,35
1643674232.8415115,445660.82507658005,2022-01-31 17:10:32.841524,20.15,19.1,-6.0,1.0,669.44251927539,0,0,0,0,0,0,0,0,0,0,0,0,584,31
1643674233.6719048,445661.6554851532,2022-01-31 17:10:33.671917,20.14,19.1,-6.0,1.0,669.44251927539,0,0,0,0,0,0,0,0,0,0,0,0,581,33
1643674234.4523659,445662.435890913,2022-01-31 17:10:34.452401,20.15,19.2,-6.0,1.0,669.4650197802,0,0,0,0,0,0,0,0,0,0,0,0,580,25
1643674235.5282135,445663.51177954674,2022-01-31 17:10:35.528227,20.14,19.2,-6.0,1.0,669.44251927539,0,0,0,0,0,0,0,0,0,0,0,0,579,31
1643674236.3051808,445664.2887458801,2022-01-31 17:10:36.305196,20.15,19.2,-6.0,1.0,669.45001944366,0,0,0,0,0,0,0,0,0,0,0,0,576,31
1643674237.1224716,445665.1060464382,2022-01-31 17:10:37.122485,20.15,19.1,-6.0,1.0,669.4650197802,0,0,0,0,0,0,0,0,0,0,0,0,575,25
1643674238.1466827,445666.130253315,2022-01-31 17:10:38.146696,20.14,19.1,-6.0,1.0,669.51752095809,0,0,0,0,0,0,0,0,0,0,0,0,580,29
1643674238.969322,445666.95288181305,2022-01-31 17:10:38.969338,20.14,19.1,-6.0,1.0,669.51752095809,0,0,0,0,0,0,0,0,0,0,0,0,572,29
1643674239.76673,445667.75030350685,2022-01-31 17:10:39.766745,20.15,19.2,-6.0,1.0,669.5325212946301,0,0,0,0,0,0,0,0,0,0,0,0,580,32
1643674240.7868931,445668.7704524994,2022-01-31 17:10:40.786904,20.14,19.2,-6.0,1.0,669.51752095809,0,0,0,0,0,0,0,0,0,0,0,0,573,26
1643674241.6058583,445669.5894343853,2022-01-31 17:10:41.605871,20.14,19.2,-6.0,1.0,669.50252062155,0,0,0,0,0,0,0,0,0,0,0,0,580,27
1643674242.3771234,445670.3606848717,2022-01-31 17:10:42.377138,20.14,19.2,-6.0,1.0,669.44251927539,0,0,0,0,0,0,0,0,0,0,0,0,578,24
1643674243.4644208,445671.44799780846,2022-01-31 17:10:43.464434,20.12,19.2,-6.0,1.0,669.4950204532801,0,0,0,0,0,0,0,0,0,0,0,0,588,27
1643674244.2447226,445672.2282910347,2022-01-31 17:10:44.244735,20.14,19.2,-6.0,1.0,669.51752095809,0,0,0,0,0,0,0,0,0,0,0,0,584,32
1643674245.070958,445673.05453419685,2022-01-31 17:10:45.070970,20.13,19.2,-6.0,1.0,669.44251927539,0,0,0,0,0,0,0,0,0,0,0,0,580,29
1643674246.1131663,445674.09673571587,2022-01-31 17:10:46.113179,20.13,19.2,-6.0,1.0,669.42751893885,0,0,0,0,0,0,0,0,0,0,0,0,585,31
1643674246.9345257,445674.9180943966,2022-01-31 17:10:46.934540,20.13,19.2,-6.0,1.0,669.50252062155,0,0,0,0,0,0,0,0,0,0,0,0,580,33
1643674247.6952403,445675.6788036823,2022-01-31 17:10:47.695252,20.14,19.2,-6.0,1.0,669.45751961193,0,0,0,0,0,0,0,0,0,0,0,0,584,33
1643674248.7286317,445676.7121939659,2022-01-31 17:10:48.728644,20.14,19.2,-6.0,1.0,669.42751893885,0,0,0,0,0,0,0,0,0,0,0,0,587,30
1643674249.5629318,445677.5465064049,2022-01-31 17:10:49.562945,20.14,19.2,-6.0,1.0,669.42751893885,0,0,0,0,0,0,0,0,0,0,0,0,578,28
1643674250.3387954,445678.32235741615,2022-01-31 17:10:50.338809,20.14,19.1,-6.0,1.0,669.45751961193,0,0,0,0,0,0,0,0,0,0,0,0,586,33
1643674251.4187768,445679.4023463726,2022-01-31 17:10:51.418791,20.14,19.1,-6.0,1.0,669.51752095809,0,0,0,0,0,0,0,0,0,0,0,0,576,25
1643674252.1970038,445680.18054389954,2022-01-31 17:10:52.197019,20.15,19.1,-6.0,1.0,669.52502112636,0,0,0,0,0,0,0,0,0,0,0,0,576,25
1643674253.0205677,445681.0041401386,2022-01-31 17:10:53.020581,20.14,19.1,-6.0,1.0,669.45751961193,0,0,0,0,0,0,0,0,0,0,0,0,573,22
1643674254.0518446,445682.0354115963,2022-01-31 17:10:54.051858,20.13,19.1,-6.0,1.0,669.50252062155,0,0,0,0,0,0,0,0,0,0,0,0,573,29
1643674254.8727887,445682.85635757446,2022-01-31 17:10:54.872804,20.13,19.1,-6.0,1.0,669.50252062155,0,0,0,0,0,0,0,0,0,0,0,0,583,29
1643674255.6602368,445683.64380407333,2022-01-31 17:10:55.660250,20.14,19.2,-6.0,1.0,669.44251927539,0,0,0,0,0,0,0,0,0,0,0,0,583,28
1643674256.6978834,445684.6814522743,2022-01-31 17:10:56.697897,20.13,19.2,-6.0,1.0,669.50252062155,0,0,0,0,0,0,0,0,0,0,0,0,582,28
1643674257.5233014,445685.50687527657,2022-01-31 17:10:57.523315,20.13,19.2,-6.0,1.0,669.42751893885,0,0,0,0,0,0,0,0,0,0,0,0,578,29
1643674258.2885425,445686.2721095085,2022-01-31 17:10:58.288557,20.14,19.2,-6.0,1.0,669.45751961193,0,0,0,0,0,0,0,0,0,0,0,0,581,23
1643674259.370052,445687.35361766815,2022-01-31 17:10:59.370064,20.13,19.2,-6.0,1.0,669.42751893885,0,0,0,0,0,0,0,0,0,0,0,0,585,27
1643674260.138973,445688.1225399971,2022-01-31 17:11:00.138986,20.14,19.2,-6.0,1.0,669.51752095809,0,0,0,0,0,0,0,0,0,0,0,0,582,31
1643674260.9661775,445688.94974422455,2022-01-31 17:11:00.966191,20.14,19.2,-6.0,1.0,669.45751961193,0,0,0,0,0,0,0,0,0,0,0,0,585,36
1643674262.0011787,445689.98473763466,2022-01-31 17:11:02.001192,20.13,19.2,-6.0,1.0,669.50252062155,0,0,0,0,0,0,0,0,0,0,0,0,582,25
1643674262.7825272,445690.7660536766,2022-01-31 17:11:02.782550,20.14,19.2,-6.0,1.0,669.51752095809,0,0,0,0,0,0,0,0,0,0,0,0,586,30
1643674263.6041539,445691.5877287388,2022-01-31 17:11:03.604167,20.13,19.2,-6.0,1.0,669.51752095809,0,0,0,0,0,0,0,0,0,0,0,0,583,27
1643674264.6418788,445692.6254417896,2022-01-31 17:11:04.641892,20.13,19.2,-6.0,1.0,669.50252062155,0,0,0,0,0,0,0,0,0,0,0,0,583,29
1643674265.485838,445693.4694108963,2022-01-31 17:11:05.485851,20.13,19.2,-6.0,1.0,669.50252062155,0,0,0,0,0,0,0,0,0,0,0,0,583,31
1643674266.2680275,445694.2515947819,2022-01-31 17:11:06.268040,20.13,19.2,-6.0,1.0,669.51752095809,0,0,0,0,0,0,0,0,0,0,0,0,572,34
1643674267.4666257,445695.4501116276,2022-01-31 17:11:07.466648,20.12,19.2,-6.0,1.0,669.57002213598,0,0,0,0,0,0,0,0,0,0,0,0,585,30
1643674268.2534745,445696.2370390892,2022-01-31 17:11:08.253488,20.13,19.2,-6.0,1.0,669.50252062155,0,0,0,0,0,0,0,0,0,0,0,0,577,28
1643674269.3415074,445697.32507658005,2022-01-31 17:11:09.341519,20.12,19.2,-6.0,1.0,669.55502179944,0,0,0,0,0,0,0,0,0,0,0,0,580,29
1643674270.1099076,445698.0934741497,2022-01-31 17:11:10.109921,20.12,19.2,-6.0,1.0,669.57002213598,0,0,0,0,0,0,0,0,0,0,0,0,582,30
1643674270.9396229,445698.92317819595,2022-01-31 17:11:10.939639,20.12,19.2,-6.0,1.0,669.4950204532801,0,0,0,0,0,0,0,0,0,0,0,0,585,28
1643674272.0494657,445700.03298187256,2022-01-31 17:11:12.049495,20.11,19.2,-6.0,1.0,669.5400214629001,0,0,0,0,0,0,0,0,0,0,0,0,579,25
1643674272.8688207,445700.85239100456,2022-01-31 17:11:12.868834,20.12,19.2,-6.0,1.0,669.55502179944,0,0,0,0,0,0,0,0,0,0,0,0,576,28
1643674273.633851,445701.6174197197,2022-01-31 17:11:13.633864,20.12,19.2,-6.0,1.0,669.4950204532801,0,0,0,0,0,0,0,0,0,0,0,0,572,25
1643674274.6831267,445702.6667063236,2022-01-31 17:11:14.683140,20.12,19.2,-6.0,1.0,669.55502179944,0,0,0,0,0,0,0,0,0,0,0,0,577,22
